Year,Country,Q_121221,V_121221,Q_121229,V_121229
2012,Afghanistan,0.1,0.33,0.0,0.0
2012,Albania,0.0,0.0,0.42,0.08
2012,Algeria,0.0,0.0,0.0,0.0
2012,American Samoa,0.0,0.0,0.0,0.0
2012,Andorra,0.0,0.0,0.0,0.0
2012,Angola,0.0,0.0,0.0,0.0
2012,Antigua and Barbuda,0.0,0.0,0.0,0.0
2012,Azerbaijan,0.0,0.0,0.0,0.0
2012,Argentina,0.02,0.03,0.07,0.36
2012,Australia,0.38,0.25,0.34,0.39
2012,Austria,0.03,0.06,0.05,0.07
2012,Bahamas,0.0,0.0,0.0,0.0
2012,Bahrain,0.0,0.0,0.0,0.0
2012,Bangladesh,0.0,0.0,0.0,0.0
2012,Armenia,0.0,0.0,0.0,0.0
2012,Barbados,0.0,0.0,0.0,0.0
2012,Belgium,0.02,0.07,0.13,0.08
2012,Bermuda,0.0,0.0,0.0,0.0
2012,Bhutan,0.0,0.0,0.0,0.0
2012,Bolivia (Plurinational State of),0.0,0.0,0.0,0.0
2012,Bosnia Herzegovina,0.0,0.0,0.0,0.0
2012,Botswana,0.0,0.0,0.0,0.0
2012,Brazil,0.03,0.03,0.05,0.08
2012,Belize,0.0,0.0,0.0,0.0
2012,Br. Indian Ocean Terr.,0.0,0.0,0.0,0.0
2012,Solomon Isds,53.6,27.3,0.0,0.0
2012,Br. Virgin Isds,0.0,0.0,0.0,0.0
2012,Brunei Darussalam,0.0,0.0,0.0,0.0
2012,Bulgaria,0.0,0.28,0.05,0.01
2012,Myanmar,2.25,0.81,0.06,0.08
2012,Burundi,0.0,0.0,0.0,0.0
2012,Belarus,0.01,0.0,0.01,0.01
2012,Cambodia,0.13,0.0,0.15,0.1
2012,Cameroon,0.0,0.0,0.0,0.0
2012,Canada,0.2,0.4,0.9,2.03
2012,Cabo Verde,0.0,0.0,0.0,0.0
2012,Cayman Isds,0.0,0.0,0.0,0.0
2012,Central African Rep.,0.0,0.0,0.0,0.0
2012,Sri Lanka,0.11,0.1,0.07,0.06
2012,Chad,0.0,0.0,0.03,0.42
2012,Chile,9.9,10.13,57.46,63.53
2012,China,1.22,2.76,0.06,0.25
2012,Christmas Isds,0.0,0.0,0.0,0.0
2012,Cocos Isds,0.0,0.0,0.0,0.0
2012,Colombia,0.0,0.0,0.0,0.0
2012,Comoros,0.0,0.0,0.0,0.0
2012,Mayotte (Overseas France),0.0,0.0,0.0,0.0
2012,Congo,0.0,0.0,0.0,0.0
2012,Dem. Rep. of the Congo,0.0,0.0,0.0,0.0
2012,Cook Isds,0.0,0.0,0.0,0.0
2012,Costa Rica,0.0,0.05,0.0,0.0
2012,Croatia,0.14,0.06,0.0,0.0
2012,Cuba,0.0,0.0,0.0,0.0
2012,Cyprus,0.0,0.0,0.27,0.08
2012,Czechia,0.02,0.07,0.0,0.01
2012,Benin,0.0,0.0,0.0,0.0
2012,Denmark,0.44,1.12,0.08,0.28
2012,Dominica,0.0,0.0,0.0,0.0
2012,Dominican Rep.,0.0,0.0,0.0,0.0
2012,Ecuador,0.01,0.06,0.01,0.07
2012,El Salvador,0.0,0.01,0.0,0.0
2012,Equatorial Guinea,0.0,0.0,0.0,0.0
2012,Ethiopia,0.0,0.0,0.0,0.0
2012,Eritrea,0.0,0.0,0.0,0.0
2012,Estonia,0.1,0.23,0.0,0.0
2012,Falkland Isds (Malvinas),0.0,0.0,0.0,0.0
2012,Fiji,0.24,0.04,0.53,3.6
2012,Finland,0.0,0.0,0.0,0.01
2012,France,0.14,0.23,0.19,0.59
2012,French Polynesia,0.0,0.0,0.01,0.28
2012,Fr. South Antarctic Terr.,0.0,0.0,0.0,0.0
2012,Djibouti,0.0,0.0,0.0,0.0
2012,Gabon,0.0,0.0,0.0,0.0
2012,Georgia,0.0,0.0,0.0,0.0
2012,Gambia,0.0,0.0,0.0,0.0
2012,State of Palestine,0.0,0.0,0.0,0.0
2012,Germany,0.02,0.09,0.0,0.04
2012,Ghana,0.0,0.0,0.0,0.0
2012,Gibraltar,0.0,0.0,0.0,0.0
2012,Kiribati,99.41,42.39,88.88,79.48
2012,Greece,0.01,0.03,0.0,0.32
2012,Greenland,0.04,0.08,0.0,0.0
2012,Grenada,0.0,0.0,0.0,0.0
2012,Guam,0.0,0.0,0.0,0.32
2012,Guatemala,0.0,0.0,0.01,0.02
2012,Guinea,0.0,0.0,0.0,0.0
2012,Guyana,0.0,0.0,0.0,0.0
2012,Haiti,0.0,0.0,0.0,0.01
2012,Honduras,0.0,0.0,0.0,0.0
2012,"China, Hong Kong SAR",0.05,0.08,0.01,0.05
2012,Hungary,0.02,0.0,0.0,0.01
2012,Iceland,463.96,25.39,24.91,22.27
2012,Indonesia,33.21,10.69,26.45,17.41
2012,Iran,0.04,0.03,0.0,0.01
2012,Iraq,0.0,0.0,0.0,0.0
2012,Ireland,1.03,0.61,14.52,7.77
2012,Israel,0.36,1.16,0.01,0.04
2012,Italy,0.0,0.01,0.01,0.02
2012,Côte d'Ivoire,0.0,0.0,0.0,0.0
2012,Jamaica,0.0,0.0,0.0,0.0
2012,Japan,0.12,0.91,0.01,0.21
2012,Kazakhstan,0.0,0.0,0.0,0.0
2012,Jordan,0.0,0.0,0.0,0.0
2012,Kenya,0.01,0.01,0.0,0.0
2012,Dem. People's Rep. of Korea,1.51,0.47,1.21,0.71
2012,Rep. of Korea,3.65,8.06,0.16,1.97
2012,Kuwait,0.0,0.0,0.0,0.0
2012,Kyrgyzstan,0.0,0.0,0.0,0.0
2012,Lao People's Dem. Rep.,0.0,0.1,1.11,1.59
2012,Lebanon,0.01,0.05,0.0,0.04
2012,Lesotho,0.81,0.09,0.0,0.0
2012,Latvia,0.33,0.7,0.0,0.03
2012,Liberia,0.0,0.0,0.0,0.0
2012,Libya,0.0,0.0,0.0,0.0
2012,Lithuania,0.12,0.39,0.04,0.28
2012,Luxembourg,0.0,0.01,0.0,0.0
2012,"China, Macao SAR",0.01,0.05,0.0,0.0
2012,Madagascar,22.96,7.89,9.45,4.02
2012,Malawi,0.0,0.0,0.0,0.0
2012,Malaysia,0.05,0.03,0.01,0.01
2012,Maldives,0.0,0.0,0.0,0.0
2012,Mali,0.0,0.0,0.0,0.0
2012,Malta,0.0,0.01,0.0,0.0
2012,Mauritania,0.0,0.0,0.0,0.0
2012,Mauritius,0.0,0.0,3.3,1.38
2012,Mexico,0.06,0.06,0.03,0.07
2012,"Other Asia, nes",0.09,0.25,0.09,0.22
2012,Mongolia,0.0,0.0,0.0,0.0
2012,Rep. of Moldova,0.0,0.0,0.0,0.0
2012,Montenegro,0.0,0.0,0.0,0.0
2012,Montserrat,0.0,0.0,0.0,0.0
2012,Morocco,10.99,10.64,6.67,18.38
2012,Mozambique,0.0,0.0,0.0,0.0
2012,Oman,0.0,0.0,0.0,0.0
2012,Namibia,0.42,0.26,0.45,0.61
2012,Nauru,0.0,0.0,0.0,0.0
2012,Nepal,0.0,0.0,0.0,0.0
2012,Netherlands,0.08,0.37,0.03,0.16
2012,Curaçao,0.0,0.0,0.0,0.0
2012,Aruba,0.0,0.0,0.0,0.0
2012,Saint Maarten,0.0,0.0,0.0,0.0
2012,Bonaire,0.0,0.0,0.0,0.0
2012,New Caledonia,0.0,0.0,0.0,0.0
2012,Vanuatu,0.0,0.0,0.0,0.0
2012,New Zealand,0.05,2.18,0.03,0.5
2012,Nicaragua,0.0,0.0,0.0,0.0
2012,Niger,2.1,1.39,0.0,0.0
2012,Nigeria,0.0,0.0,0.0,0.0
2012,Niue,0.0,0.0,0.0,0.0
2012,Norfolk Isds,0.0,0.0,0.0,0.0
2012,Norway,0.09,0.05,0.25,0.44
2012,N. Mariana Isds,0.0,0.0,0.0,0.0
2012,FS Micronesia,0.0,0.0,0.0,0.0
2012,Marshall Isds,0.0,0.0,0.0,0.0
2012,Palau,0.0,0.0,0.0,0.0
2012,Pakistan,0.0,0.0,0.0,0.0
2012,Panama,0.0,0.01,0.0,0.02
2012,Papua New Guinea,0.0,0.0,0.0,0.0
2012,Paraguay,0.0,0.0,0.0,0.0
2012,Peru,0.12,0.11,40.45,28.82
2012,Philippines,9.68,6.22,20.24,16.55
2012,Pitcairn,0.0,0.0,0.0,0.0
2012,Poland,0.0,0.01,0.01,0.02
2012,Portugal,0.1,0.06,0.51,0.65
2012,Guinea-Bissau,0.0,0.0,0.0,0.0
2012,Timor-Leste,4.07,1.67,0.0,0.0
2012,Qatar,0.0,0.0,0.0,0.0
2012,Romania,0.0,0.0,0.0,0.0
2012,Russian Federation,0.02,0.07,0.0,0.0
2012,Rwanda,0.0,0.0,0.0,0.0
2012,Saint Helena,0.0,0.0,0.0,0.0
2012,Saint Kitts and Nevis,0.0,0.0,0.0,0.0
2012,Anguilla,0.0,0.0,0.0,0.0
2012,Saint Lucia,0.0,0.0,0.0,0.0
2012,Saint Pierre and Miquelon,0.0,0.0,0.0,0.0
2012,Saint Vincent and the Grenadines,0.0,0.0,0.0,0.0
2012,San Marino,0.0,0.0,0.0,0.0
2012,Sao Tome and Principe,0.0,0.0,0.0,0.0
2012,Saudi Arabia,0.0,0.0,0.0,0.0
2012,Senegal,0.0,0.0,2.64,11.45
2012,Serbia,0.02,0.02,0.0,0.0
2012,Seychelles,0.0,0.0,0.0,0.0
2012,Sierra Leone,0.0,0.0,0.0,0.0
2012,India,0.07,0.18,0.1,0.77
2012,Singapore,0.03,0.1,0.02,0.03
2012,Slovakia,0.0,0.02,0.09,0.01
2012,Viet Nam,0.11,0.27,0.98,0.69
2012,Slovenia,0.01,0.06,0.01,0.09
2012,Somalia,0.0,0.0,0.0,0.0
2012,South Africa,0.28,0.23,0.79,0.67
2012,Zimbabwe,0.0,0.0,0.0,0.0
2012,Spain,0.1,0.17,0.13,0.19
2012,South Sudan,0.0,0.0,0.0,0.0
2012,Sudan,0.0,0.0,0.0,0.0
2012,Suriname,0.0,0.0,0.0,0.0
2012,Eswatini,0.0,0.0,0.0,0.0
2012,Sweden,0.02,0.36,0.01,0.04
2012,Switzerland,0.0,0.0,0.0,0.03
2012,Syria,0.0,0.0,0.0,0.0
2012,Tajikistan,0.0,0.0,0.0,0.0
2012,Thailand,0.05,0.36,0.06,0.26
2012,Togo,0.0,0.0,0.0,0.0
2012,Tokelau,0.0,0.0,0.0,0.0
2012,Tonga,1645.11,1578.21,0.23,0.81
2012,Trinidad and Tobago,0.0,0.01,0.0,0.0
2012,United Arab Emirates,0.0,0.01,0.0,0.0
2012,Tunisia,0.0,0.07,0.0,0.01
2012,Türkiye,0.0,0.0,0.05,0.05
2012,Turkmenistan,0.0,0.0,0.0,0.0
2012,Turks and Caicos Isds,0.0,0.0,0.0,0.0
2012,Tuvalu,0.0,0.0,0.0,0.0
2012,Uganda,0.0,0.0,0.0,0.0
2012,Ukraine,0.0,0.0,0.0,0.01
2012,North Macedonia,0.0,0.0,0.0,0.0
2012,Egypt,0.0,0.0,0.03,0.04
2012,United Kingdom,0.17,0.32,0.09,0.33
2012,United Rep. of Tanzania,88.05,20.78,145.28,84.33
2012,USA,0.05,0.22,0.02,0.15
2012,Burkina Faso,0.03,0.1,0.01,0.01
2012,Uruguay,0.0,0.0,0.0,0.0
2012,Uzbekistan,0.0,0.0,0.0,0.0
2012,Venezuela,0.0,0.0,0.0,0.0
2012,Wallis and Futuna Isds,0.0,0.0,0.0,0.0
2012,Samoa,0.0,0.0,0.0,0.0
2012,Yemen,0.03,0.07,0.0,0.0
2012,Zambia,0.0,0.0,0.03,0.0
2014,Afghanistan,0.0,0.0,0.0,0.0
2014,Albania,0.0,0.0,0.0,0.0
2014,Algeria,0.0,0.0,0.0,0.0
2014,American Samoa,0.0,0.0,0.0,0.0
2014,Andorra,0.0,0.0,0.0,0.0
2014,Angola,0.0,0.0,0.0,0.0
2014,Antigua and Barbuda,0.0,0.0,0.0,0.0
2014,Azerbaijan,0.0,0.0,0.0,0.0
2014,Argentina,0.09,0.21,0.14,0.48
2014,Australia,0.26,0.2,0.24,0.31
2014,Austria,0.05,0.12,0.01,0.03
2014,Bahamas,0.0,0.0,0.0,0.0
2014,Bahrain,0.0,0.0,0.0,0.0
2014,Bangladesh,0.0,0.0,0.0,0.0
2014,Armenia,0.0,0.0,0.0,0.0
2014,Barbados,0.0,0.0,0.0,0.0
2014,Belgium,0.03,0.05,0.07,0.09
2014,Bermuda,0.0,0.0,0.0,0.0
2014,Bhutan,0.0,0.0,0.0,0.0
2014,Bolivia (Plurinational State of),0.0,0.0,0.0,0.0
2014,Bosnia Herzegovina,0.0,0.0,0.0,0.0
2014,Botswana,0.0,0.0,0.0,0.0
2014,Brazil,0.05,0.04,0.06,0.11
2014,Belize,0.0,0.0,0.0,0.0
2014,Br. Indian Ocean Terr.,0.0,0.0,0.0,0.0
2014,Solomon Isds,67.11,27.89,21.37,21.94
2014,Br. Virgin Isds,0.0,0.0,0.0,0.0
2014,Brunei Darussalam,0.0,0.0,0.0,0.0
2014,Bulgaria,0.02,0.04,0.0,0.0
2014,Myanmar,0.04,0.01,0.04,0.0
2014,Burundi,0.21,0.04,0.0,0.0
2014,Belarus,0.0,0.0,0.04,0.19
2014,Cambodia,0.0,0.0,0.0,0.0
2014,Cameroon,0.38,0.11,0.01,0.05
2014,Canada,0.17,0.32,1.11,1.9
2014,Cabo Verde,0.0,0.0,0.0,0.0
2014,Cayman Isds,0.0,0.0,0.0,0.0
2014,Central African Rep.,0.0,0.0,0.0,0.0
2014,Sri Lanka,0.93,0.21,0.26,0.09
2014,Chad,0.0,0.0,0.0,0.0
2014,Chile,8.4,7.77,56.96,84.09
2014,China,1.2,2.26,0.06,0.22
2014,Christmas Isds,0.0,0.0,0.0,0.0
2014,Cocos Isds,0.0,0.0,0.0,0.0
2014,Colombia,0.0,0.01,0.0,0.0
2014,Comoros,0.0,0.0,0.0,0.0
2014,Congo,0.0,0.0,0.0,0.0
2014,Dem. Rep. of the Congo,0.0,0.0,0.0,0.0
2014,Cook Isds,0.0,0.0,0.0,0.0
2014,Costa Rica,0.0,0.03,0.0,0.04
2014,Croatia,0.13,0.05,0.0,0.0
2014,Cuba,0.0,0.0,0.04,1.92
2014,Cyprus,0.01,0.0,0.0,0.0
2014,Czechia,0.0,0.03,0.0,0.01
2014,Benin,0.0,0.0,0.0,0.0
2014,Denmark,0.24,0.83,0.06,0.05
2014,Dominica,0.0,0.0,0.0,0.0
2014,Dominican Rep.,0.0,0.0,0.0,0.0
2014,Ecuador,0.04,0.34,0.0,0.07
2014,El Salvador,0.0,0.0,0.0,0.0
2014,Equatorial Guinea,0.0,0.0,0.0,0.0
2014,Ethiopia,0.0,0.0,0.0,0.0
2014,Eritrea,0.0,0.0,0.0,0.0
2014,Estonia,0.01,0.08,0.0,0.0
2014,Falkland Isds (Malvinas),0.0,0.0,0.0,0.0
2014,Fiji,0.0,0.0,0.0,0.06
2014,Finland,0.0,0.0,0.01,0.01
2014,France,0.14,0.26,0.17,0.49
2014,French Polynesia,0.0,0.0,0.0,0.29
2014,Fr. South Antarctic Terr.,0.0,0.0,0.0,0.0
2014,Djibouti,0.0,0.0,0.0,0.0
2014,Gabon,0.0,0.0,0.0,0.0
2014,Georgia,0.0,0.0,0.0,0.02
2014,Gambia,0.0,0.0,0.0,0.0
2014,State of Palestine,0.0,0.0,0.0,0.0
2014,Germany,0.03,0.09,0.01,0.04
2014,Ghana,0.0,0.0,0.0,0.0
2014,Gibraltar,0.0,0.0,0.0,0.0
2014,Kiribati,313.78,97.33,0.0,0.0
2014,Greece,0.0,0.01,0.0,0.21
2014,Greenland,0.0,0.0,0.0,0.0
2014,Grenada,0.0,0.0,0.0,0.0
2014,Guam,0.07,0.81,0.03,1.06
2014,Guatemala,0.0,0.0,0.0,0.01
2014,Guinea,0.0,0.0,0.0,0.0
2014,Guyana,0.0,0.0,0.0,0.0
2014,Haiti,0.0,0.0,0.0,0.0
2014,Honduras,0.0,0.0,0.0,0.0
2014,"China, Hong Kong SAR",0.08,0.11,0.02,0.11
2014,Hungary,0.02,0.02,0.01,0.04
2014,Iceland,14.17,7.35,312.41,55.02
2014,Indonesia,50.97,22.29,23.76,16.95
2014,Iran,0.03,0.02,0.04,0.01
2014,Iraq,0.0,0.0,0.0,0.0
2014,Ireland,1.39,0.64,18.12,8.1
2014,Israel,0.73,5.11,0.01,1.81
2014,Italy,0.01,0.02,0.01,0.02
2014,Côte d'Ivoire,0.0,0.0,0.0,0.0
2014,Jamaica,0.0,0.01,0.0,0.22
2014,Japan,0.16,0.67,0.01,0.15
2014,Kazakhstan,0.0,0.0,0.0,0.0
2014,Jordan,0.01,0.01,0.0,0.01
2014,Kenya,0.49,0.08,0.0,0.0
2014,Dem. People's Rep. of Korea,1.3,1.05,16.35,4.66
2014,Rep. of Korea,3.19,5.98,0.07,0.6
2014,Kuwait,0.0,0.0,0.0,0.0
2014,Kyrgyzstan,0.0,0.0,0.0,0.0
2014,Lao People's Dem. Rep.,0.0,0.03,0.0,0.03
2014,Lebanon,0.01,0.04,0.01,0.01
2014,Lesotho,0.0,0.0,0.0,0.0
2014,Latvia,0.29,0.5,0.0,0.0
2014,Liberia,0.0,0.0,0.0,0.0
2014,Libya,0.0,0.0,0.0,0.0
2014,Lithuania,0.15,0.28,0.01,0.1
2014,Luxembourg,0.0,0.01,0.0,0.0
2014,"China, Macao SAR",0.0,0.0,0.0,0.0
2014,Madagascar,20.14,4.17,14.45,8.9
2014,Malawi,0.0,0.0,0.0,0.0
2014,Malaysia,0.2,0.13,0.01,0.05
2014,Maldives,0.0,0.0,0.0,0.0
2014,Mali,0.0,0.0,0.0,0.0
2014,Malta,0.0,0.0,0.0,0.02
2014,Mauritania,0.0,0.0,0.0,0.0
2014,Mauritius,0.01,0.02,0.38,0.17
2014,Mexico,0.08,0.25,0.08,0.09
2014,"Other Asia, nes",0.08,0.39,0.01,0.13
2014,Mongolia,0.0,0.0,0.0,0.0
2014,Rep. of Moldova,0.0,0.0,0.0,0.0
2014,Montenegro,0.0,0.0,0.0,0.0
2014,Montserrat,0.0,0.0,0.0,0.0
2014,Morocco,4.64,4.36,6.03,16.58
2014,Mozambique,0.0,0.0,0.0,0.0
2014,Oman,0.0,0.0,0.0,0.0
2014,Namibia,0.0,0.0,0.0,0.0
2014,Nauru,0.0,0.0,0.0,0.0
2014,Nepal,0.0,0.0,0.0,0.0
2014,Netherlands,0.1,0.48,0.04,0.13
2014,Curaçao,0.0,0.01,0.0,0.0
2014,Aruba,0.0,0.0,0.0,0.0
2014,Saint Maarten,0.0,0.0,0.0,0.0
2014,Bonaire,0.0,0.0,0.0,0.0
2014,New Caledonia,0.0,0.0,0.0,0.0
2014,Vanuatu,0.0,0.0,0.05,0.48
2014,New Zealand,0.04,0.83,0.01,0.06
2014,Nicaragua,0.0,0.0,0.0,0.0
2014,Niger,0.0,0.0,0.0,0.0
2014,Nigeria,0.01,0.0,0.0,0.0
2014,Niue,0.0,0.0,0.0,0.0
2014,Norfolk Isds,0.0,0.0,0.0,0.0
2014,Norway,0.01,0.04,0.49,0.83
2014,N. Mariana Isds,0.0,0.0,0.0,0.0
2014,FS Micronesia,0.0,0.0,0.0,0.0
2014,Marshall Isds,0.0,0.0,0.0,0.0
2014,Palau,0.0,0.0,0.0,0.0
2014,Pakistan,0.0,0.0,0.0,0.0
2014,Panama,0.31,0.1,0.17,0.14
2014,Papua New Guinea,1.05,0.37,0.0,0.0
2014,Paraguay,0.0,0.0,0.0,0.0
2014,Peru,0.24,0.27,44.23,39.4
2014,Philippines,5.16,4.88,11.0,12.99
2014,Pitcairn,0.0,0.0,0.0,0.0
2014,Poland,0.0,0.0,0.05,0.06
2014,Portugal,0.17,0.31,0.27,0.56
2014,Guinea-Bissau,0.0,0.0,0.0,0.0
2014,Timor-Leste,0.0,0.0,38.89,20.51
2014,Qatar,0.0,0.0,0.0,0.0
2014,Romania,0.01,0.02,0.0,0.01
2014,Russian Federation,0.03,0.08,0.01,0.0
2014,Rwanda,0.0,0.0,0.0,0.0
2014,Saint Barthélemy,0.0,0.0,0.0,0.0
2014,Saint Helena,0.0,0.0,0.0,0.0
2014,Saint Kitts and Nevis,0.0,0.0,0.0,0.0
2014,Anguilla,0.0,0.0,0.0,0.0
2014,Saint Lucia,0.0,0.0,0.0,0.0
2014,Saint Pierre and Miquelon,0.0,0.0,0.0,0.0
2014,Saint Vincent and the Grenadines,0.0,0.0,0.0,0.0
2014,San Marino,0.0,0.0,0.0,0.0
2014,Sao Tome and Principe,0.0,0.0,0.0,0.0
2014,Saudi Arabia,0.0,0.0,0.0,0.0
2014,Senegal,0.02,0.02,0.3,1.58
2014,Serbia,0.03,0.01,0.0,0.0
2014,Seychelles,0.0,0.0,0.0,0.0
2014,Sierra Leone,0.0,0.0,0.0,0.0
2014,India,0.06,0.26,0.04,0.53
2014,Singapore,0.02,0.1,0.0,0.02
2014,Slovakia,0.01,0.02,0.05,0.01
2014,Viet Nam,0.17,0.21,0.29,0.3
2014,Slovenia,0.01,0.09,0.03,0.25
2014,Somalia,0.0,0.0,0.0,0.0
2014,South Africa,0.82,0.3,0.5,0.77
2014,Zimbabwe,0.0,0.0,0.0,0.0
2014,Spain,0.24,0.72,0.18,0.29
2014,South Sudan,0.0,0.0,0.0,0.0
2014,Sudan,0.0,0.0,0.2,0.04
2014,Suriname,0.0,0.0,0.0,0.0
2014,Eswatini,0.0,0.0,0.0,0.0
2014,Sweden,0.01,0.14,0.01,0.14
2014,Switzerland,0.0,0.01,0.0,0.01
2014,Syria,0.0,0.0,0.18,0.73
2014,Tajikistan,0.0,0.0,0.0,0.0
2014,Thailand,0.14,0.35,0.05,0.17
2014,Togo,0.0,0.0,0.0,0.0
2014,Tokelau,0.0,0.0,0.0,0.0
2014,Tonga,173.86,93.95,25.69,5.46
2014,Trinidad and Tobago,0.0,0.01,0.0,0.0
2014,United Arab Emirates,0.07,0.03,0.02,0.0
2014,Tunisia,0.0,0.05,0.06,0.05
2014,Türkiye,0.0,0.01,0.0,0.0
2014,Turkmenistan,0.0,0.0,0.0,0.0
2014,Turks and Caicos Isds,0.0,0.0,0.0,0.0
2014,Tuvalu,0.0,0.0,0.0,0.0
2014,Uganda,0.01,0.01,0.0,0.0
2014,Ukraine,0.0,0.0,0.0,0.04
2014,North Macedonia,0.0,0.0,0.0,0.0
2014,Egypt,0.02,0.01,0.01,0.02
2014,United Kingdom,0.22,0.32,0.12,0.38
2014,United Rep. of Tanzania,28.05,11.94,56.28,24.04
2014,USA,0.07,0.24,0.02,0.16
2014,Burkina Faso,0.0,0.03,0.0,0.0
2014,Uruguay,0.0,0.0,0.0,0.0
2014,Uzbekistan,0.0,0.0,0.0,0.0
2014,Venezuela,0.0,0.0,0.0,0.0
2014,Wallis and Futuna Isds,0.0,0.0,0.0,0.0
2014,Samoa,0.0,0.0,0.0,0.0
2014,Yemen,0.12,0.32,0.0,0.0
2014,Zambia,0.0,0.0,0.0,0.0
2013,Afghanistan,0.0,0.0,0.0,0.0
2013,Albania,0.0,0.0,0.0,0.0
2013,Algeria,0.0,0.0,0.0,0.0
2013,American Samoa,0.0,0.0,0.0,0.0
2013,Andorra,0.0,0.0,0.0,0.0
2013,Angola,0.0,0.0,0.0,0.0
2013,Antigua and Barbuda,0.0,0.0,0.0,0.0
2013,Azerbaijan,0.0,0.0,0.0,0.0
2013,Argentina,0.02,0.05,0.06,0.37
2013,Australia,0.28,0.18,0.2,0.27
2013,Austria,0.04,0.11,0.02,0.06
2013,Bahamas,0.0,0.0,0.0,0.0
2013,Bahrain,0.0,0.0,0.0,0.0
2013,Bangladesh,0.0,0.0,0.0,0.0
2013,Armenia,0.0,0.0,0.0,0.0
2013,Barbados,0.0,0.0,0.0,0.0
2013,Belgium,0.01,0.05,0.05,0.07
2013,Bermuda,0.0,0.0,0.0,0.01
2013,Bhutan,0.0,0.0,0.0,0.0
2013,Bolivia (Plurinational State of),0.0,0.0,0.36,1.22
2013,Bosnia Herzegovina,0.0,0.0,0.0,0.0
2013,Botswana,0.0,0.0,0.0,0.0
2013,Brazil,0.05,0.04,0.03,0.07
2013,Belize,0.0,0.0,0.0,0.0
2013,Br. Indian Ocean Terr.,0.0,0.0,0.0,0.0
2013,Solomon Isds,86.96,35.69,36.29,30.56
2013,Br. Virgin Isds,0.0,0.0,0.0,0.0
2013,Brunei Darussalam,0.0,0.0,0.0,0.0
2013,Bulgaria,0.01,0.37,0.0,0.0
2013,Myanmar,0.44,0.15,0.2,0.12
2013,Burundi,0.0,0.0,0.02,0.0
2013,Belarus,0.01,0.01,0.02,0.03
2013,Cambodia,0.02,0.0,0.0,0.0
2013,Cameroon,0.0,0.0,0.02,0.08
2013,Canada,0.11,0.22,0.96,1.86
2013,Cabo Verde,0.0,0.0,0.0,0.0
2013,Cayman Isds,0.0,0.0,0.0,0.0
2013,Central African Rep.,0.0,0.0,0.0,0.0
2013,Sri Lanka,0.08,0.25,0.33,0.24
2013,Chad,0.0,0.0,0.0,0.0
2013,Chile,9.27,8.18,55.79,79.58
2013,China,1.07,2.62,0.05,0.13
2013,Christmas Isds,0.0,0.0,0.0,0.0
2013,Cocos Isds,0.0,0.0,0.0,0.0
2013,Colombia,0.0,0.0,0.0,0.0
2013,Comoros,0.0,0.0,0.0,0.0
2013,Mayotte (Overseas France),0.0,0.0,0.0,0.0
2013,Congo,0.0,0.0,0.0,0.0
2013,Dem. Rep. of the Congo,0.0,0.0,0.0,0.0
2013,Cook Isds,0.0,0.0,0.0,0.0
2013,Costa Rica,0.0,0.07,0.0,0.0
2013,Croatia,0.46,0.19,0.0,0.0
2013,Cuba,0.0,0.0,0.14,2.89
2013,Cyprus,0.01,0.01,0.46,0.15
2013,Czechia,0.01,0.08,0.0,0.01
2013,Benin,0.0,0.0,0.0,0.0
2013,Denmark,0.4,1.17,0.02,0.07
2013,Dominica,0.0,0.0,0.0,0.0
2013,Dominican Rep.,0.0,0.0,0.0,0.0
2013,Ecuador,0.01,0.08,0.0,0.0
2013,El Salvador,0.0,0.0,0.0,0.0
2013,Equatorial Guinea,0.0,0.0,0.0,0.0
2013,Ethiopia,0.0,0.0,0.0,0.0
2013,Eritrea,0.0,0.0,0.0,0.0
2013,Estonia,0.06,0.11,0.0,0.0
2013,Falkland Isds (Malvinas),0.0,0.0,0.0,0.0
2013,Fiji,0.01,0.03,0.12,0.69
2013,Finland,0.0,0.0,0.01,0.01
2013,France,0.14,0.25,0.18,0.49
2013,French Polynesia,0.0,0.01,0.03,1.33
2013,Fr. South Antarctic Terr.,0.0,0.0,0.0,0.0
2013,Djibouti,0.0,0.0,0.0,0.0
2013,Gabon,0.0,0.0,0.0,0.0
2013,Georgia,0.0,0.0,0.0,0.0
2013,Gambia,0.0,0.0,0.0,0.0
2013,State of Palestine,0.0,0.0,0.0,0.0
2013,Germany,0.05,0.13,0.01,0.06
2013,Ghana,0.0,0.0,0.0,0.0
2013,Gibraltar,0.0,0.0,0.0,0.0
2013,Kiribati,348.46,163.49,0.0,0.0
2013,Greece,0.01,0.02,0.01,0.28
2013,Greenland,0.03,0.05,0.0,0.0
2013,Grenada,0.0,0.0,0.0,0.0
2013,Guam,0.0,0.0,0.0,0.0
2013,Guatemala,0.0,0.0,0.0,0.0
2013,Guinea,0.0,0.0,0.0,0.0
2013,Guyana,0.0,0.0,0.0,0.0
2013,Haiti,0.0,0.0,0.0,0.0
2013,Honduras,0.0,0.0,0.0,0.0
2013,"China, Hong Kong SAR",0.05,0.1,0.01,0.03
2013,Hungary,0.0,0.0,0.01,0.03
2013,Iceland,221.93,16.83,42.85,34.9
2013,Indonesia,42.44,16.67,20.2,13.35
2013,Iran,0.0,0.0,0.01,0.01
2013,Iraq,0.0,0.0,0.0,0.0
2013,Ireland,1.03,0.63,14.72,8.64
2013,Israel,0.31,0.95,1.0,1.41
2013,Italy,0.0,0.01,0.0,0.01
2013,Côte d'Ivoire,0.0,0.0,0.0,0.0
2013,Jamaica,0.0,0.0,0.0,0.0
2013,Japan,0.16,0.94,0.01,0.13
2013,Kazakhstan,0.0,0.0,0.0,0.0
2013,Jordan,0.02,0.03,0.0,0.0
2013,Kenya,0.51,0.09,0.54,0.3
2013,Dem. People's Rep. of Korea,0.27,0.66,18.05,13.42
2013,Rep. of Korea,3.6,6.17,0.14,1.71
2013,Kuwait,0.0,0.0,0.0,0.0
2013,Kyrgyzstan,0.0,0.0,0.0,0.0
2013,Lao People's Dem. Rep.,0.0,0.06,0.0,0.0
2013,Lebanon,0.0,0.04,0.0,0.0
2013,Lesotho,0.0,0.0,0.0,0.0
2013,Latvia,0.33,0.58,91.77,2.1
2013,Liberia,0.0,0.0,0.0,0.0
2013,Libya,0.0,0.0,0.0,0.0
2013,Lithuania,0.09,0.32,0.03,0.16
2013,Luxembourg,0.0,0.01,0.0,0.0
2013,"China, Macao SAR",0.0,0.0,0.0,0.0
2013,Madagascar,30.94,9.38,27.56,13.31
2013,Malawi,0.0,0.0,0.03,0.12
2013,Malaysia,0.18,0.14,0.15,0.11
2013,Maldives,0.0,0.0,0.0,0.0
2013,Mali,0.0,0.0,0.0,0.0
2013,Malta,0.0,0.0,0.0,0.01
2013,Mauritania,0.0,0.0,0.0,0.0
2013,Mauritius,0.0,0.0,0.39,0.2
2013,Mexico,0.09,0.03,0.06,0.12
2013,"Other Asia, nes",0.05,0.36,0.02,0.12
2013,Mongolia,0.0,0.0,0.0,0.0
2013,Rep. of Moldova,0.0,0.0,0.0,0.0
2013,Montenegro,0.0,0.0,0.0,0.0
2013,Montserrat,0.0,0.0,0.0,0.0
2013,Morocco,4.18,4.48,7.84,20.26
2013,Mozambique,0.0,0.0,0.0,0.0
2013,Oman,0.0,0.0,0.0,0.0
2013,Namibia,0.35,0.1,0.31,0.39
2013,Nauru,0.0,0.0,0.0,0.0
2013,Nepal,0.0,0.0,0.0,0.0
2013,Netherlands,0.09,0.47,0.06,0.13
2013,Curaçao,0.0,0.0,0.0,0.0
2013,Aruba,0.0,0.0,0.0,0.0
2013,Saint Maarten,0.0,0.0,0.0,0.0
2013,Bonaire,0.0,0.0,0.0,0.0
2013,New Caledonia,0.0,0.0,0.0,0.0
2013,Vanuatu,0.0,0.0,0.0,0.0
2013,New Zealand,0.58,2.1,0.04,0.08
2013,Nicaragua,0.0,0.0,0.0,0.0
2013,Niger,0.0,0.0,0.0,0.0
2013,Nigeria,0.0,0.0,0.0,0.0
2013,Niue,0.0,0.0,0.0,0.0
2013,Norfolk Isds,0.0,0.0,0.0,0.0
2013,Norway,0.0,0.02,0.23,0.44
2013,N. Mariana Isds,0.0,0.0,0.0,0.0
2013,FS Micronesia,0.0,0.0,0.0,0.0
2013,Marshall Isds,0.0,0.0,0.0,0.0
2013,Palau,0.0,0.0,0.0,0.0
2013,Pakistan,0.02,0.02,0.0,0.0
2013,Panama,0.06,0.02,0.0,0.07
2013,Papua New Guinea,1.44,0.43,0.0,0.0
2013,Paraguay,0.0,0.0,0.0,0.0
2013,Peru,0.12,0.11,39.76,38.58
2013,Philippines,12.08,7.48,26.29,16.8
2013,Pitcairn,0.0,0.0,0.0,0.0
2013,Poland,0.0,0.01,0.11,0.09
2013,Portugal,0.05,0.03,0.81,0.99
2013,Guinea-Bissau,0.0,0.0,0.0,0.0
2013,Timor-Leste,0.0,0.0,0.0,0.0
2013,Qatar,0.0,0.0,0.0,0.0
2013,Romania,0.01,0.02,0.0,0.0
2013,Russian Federation,0.02,0.08,0.0,0.0
2013,Rwanda,0.0,0.0,0.0,0.0
2013,Saint Barthélemy,0.0,0.0,0.0,0.0
2013,Saint Helena,0.0,0.0,0.0,0.0
2013,Saint Kitts and Nevis,0.0,0.0,0.0,0.0
2013,Anguilla,0.0,0.0,0.0,0.0
2013,Saint Lucia,101.33,48.23,0.0,0.0
2013,Saint Pierre and Miquelon,0.0,0.0,0.0,0.0
2013,Saint Vincent and the Grenadines,0.0,0.0,0.0,0.0
2013,San Marino,0.0,0.0,0.0,0.0
2013,Sao Tome and Principe,0.0,0.0,0.0,0.0
2013,Saudi Arabia,0.0,0.0,0.0,0.0
2013,Senegal,0.0,0.0,1.66,7.42
2013,Serbia,0.03,0.01,0.0,0.0
2013,Seychelles,0.0,0.0,0.0,0.0
2013,Sierra Leone,0.0,0.0,0.0,0.0
2013,India,0.2,0.22,0.04,0.6
2013,Singapore,0.02,0.12,0.02,0.06
2013,Slovakia,0.01,0.02,0.07,0.01
2013,Viet Nam,0.19,0.28,0.29,0.31
2013,Slovenia,0.02,0.31,0.04,0.39
2013,Somalia,0.0,0.0,0.0,0.0
2013,South Africa,0.29,0.19,0.72,0.62
2013,Zimbabwe,0.0,0.0,0.0,0.0
2013,Spain,0.13,0.35,0.15,0.27
2013,South Sudan,0.0,0.0,0.0,0.0
2013,Sudan,0.0,0.0,0.0,0.0
2013,Suriname,0.0,0.0,0.0,0.0
2013,Eswatini,0.0,0.0,0.0,0.0
2013,Sweden,0.02,0.88,0.0,0.05
2013,Switzerland,0.0,0.01,0.0,0.01
2013,Syria,0.0,0.0,0.01,0.01
2013,Tajikistan,0.0,0.0,0.0,0.0
2013,Thailand,0.16,0.58,0.05,0.1
2013,Togo,0.0,0.0,0.0,0.0
2013,Tokelau,0.0,0.0,0.0,0.0
2013,Tonga,452.84,613.75,0.0,0.0
2013,Trinidad and Tobago,0.0,0.0,0.0,0.0
2013,United Arab Emirates,0.0,0.02,0.0,0.0
2013,Tunisia,0.0,0.0,0.0,0.02
2013,Türkiye,0.0,0.0,0.0,0.01
2013,Turkmenistan,0.0,0.0,0.0,0.0
2013,Turks and Caicos Isds,0.0,0.0,0.0,0.0
2013,Tuvalu,0.0,0.0,0.0,0.0
2013,Uganda,0.0,0.0,0.0,0.0
2013,Ukraine,0.0,0.0,0.0,0.02
2013,North Macedonia,0.0,0.0,0.0,0.0
2013,Egypt,0.01,0.03,0.01,0.03
2013,United Kingdom,0.2,0.39,0.08,0.26
2013,United Rep. of Tanzania,29.57,10.58,76.48,34.33
2013,USA,0.07,0.28,0.16,0.13
2013,Burkina Faso,0.05,0.48,0.0,0.0
2013,Uruguay,0.0,0.0,0.0,0.0
2013,Uzbekistan,0.0,0.0,0.0,0.0
2013,Venezuela,0.0,0.0,0.0,0.0
2013,Wallis and Futuna Isds,0.0,0.0,0.0,0.0
2013,Samoa,0.0,0.0,0.02,0.33
2013,Yemen,0.27,0.82,0.01,0.13
2013,Zambia,0.0,0.0,0.0,0.0
2016,Afghanistan,0.0,0.0,0.0,0.0
2016,Albania,0.0,0.0,0.0,0.0
2016,Algeria,0.0,0.0,0.0,0.0
2016,American Samoa,0.0,0.0,0.0,0.0
2016,Andorra,0.0,0.0,0.0,0.0
2016,Angola,0.0,0.0,0.0,0.0
2016,Antigua and Barbuda,0.0,0.0,0.0,0.0
2016,Azerbaijan,0.0,0.0,0.0,0.0
2016,Argentina,0.07,0.11,0.25,1.0
2016,Australia,0.3,0.22,0.28,0.44
2016,Austria,0.09,0.21,0.06,0.05
2016,Bahamas,0.0,0.0,0.0,0.0
2016,Bahrain,0.0,0.0,0.0,0.0
2016,Bangladesh,0.0,0.0,0.0,0.0
2016,Armenia,0.0,0.0,0.0,0.0
2016,Barbados,0.02,0.02,0.0,0.0
2016,Belgium,0.02,0.12,0.03,0.05
2016,Bermuda,0.0,0.0,0.0,0.0
2016,Bhutan,0.0,0.0,0.0,0.0
2016,Bolivia (Plurinational State of),0.0,0.01,0.0,0.0
2016,Bosnia Herzegovina,0.0,0.0,0.01,0.01
2016,Botswana,0.0,0.0,0.0,0.0
2016,Brazil,0.05,0.04,0.04,0.09
2016,Belize,0.0,0.0,0.0,0.0
2016,Br. Indian Ocean Terr.,0.0,0.0,0.0,0.0
2016,Solomon Isds,5.05,12.53,44.1,43.67
2016,Br. Virgin Isds,0.0,0.0,0.0,0.0
2016,Brunei Darussalam,0.04,0.12,0.01,1.58
2016,Bulgaria,0.02,0.1,0.0,0.01
2016,Myanmar,0.2,0.04,0.0,0.0
2016,Burundi,1.12,0.27,0.0,0.0
2016,Belarus,0.03,0.03,0.0,0.01
2016,Cambodia,0.0,0.0,0.0,0.0
2016,Cameroon,0.0,0.0,0.0,0.0
2016,Canada,0.4,0.58,0.86,2.38
2016,Cabo Verde,0.0,0.0,0.0,0.0
2016,Cayman Isds,0.0,0.0,0.0,0.0
2016,Central African Rep.,0.0,0.0,0.0,0.0
2016,Sri Lanka,0.58,0.07,0.06,0.13
2016,Chad,0.0,0.0,0.0,0.0
2016,Chile,7.93,5.42,72.54,85.83
2016,China,1.1,2.25,0.11,0.32
2016,Christmas Isds,0.0,0.0,0.0,0.0
2016,Cocos Isds,0.0,0.0,0.0,0.0
2016,Colombia,0.0,0.0,0.0,0.0
2016,Comoros,0.0,0.0,0.0,0.0
2016,Congo,0.0,0.0,0.0,0.0
2016,Dem. Rep. of the Congo,0.0,0.0,0.0,0.0
2016,Cook Isds,0.0,0.0,0.0,0.0
2016,Costa Rica,0.0,0.0,0.0,0.0
2016,Croatia,0.0,0.01,0.03,0.03
2016,Cuba,0.0,0.0,0.0,0.0
2016,Cyprus,0.01,0.04,0.0,0.04
2016,Czechia,0.02,0.02,0.0,0.01
2016,Benin,0.0,0.0,0.6,0.03
2016,Denmark,0.26,0.59,0.05,0.11
2016,Dominica,0.0,0.0,0.0,0.0
2016,Dominican Rep.,0.0,0.0,0.0,0.0
2016,Ecuador,0.21,1.77,0.0,0.03
2016,El Salvador,0.0,0.0,0.0,0.0
2016,Equatorial Guinea,0.0,0.0,0.0,0.0
2016,Ethiopia,0.0,0.0,0.0,0.0
2016,Eritrea,0.0,0.0,0.0,0.0
2016,Estonia,0.05,0.1,0.0,0.04
2016,Falkland Isds (Malvinas),0.0,0.0,0.0,0.0
2016,Fiji,0.0,0.0,0.01,0.31
2016,Finland,0.0,0.02,0.01,0.01
2016,France,0.19,0.21,0.51,0.66
2016,French Polynesia,0.0,0.0,0.02,0.71
2016,Fr. South Antarctic Terr.,0.0,0.0,0.0,0.0
2016,Djibouti,0.0,0.0,0.0,0.0
2016,Gabon,0.0,0.0,0.0,0.0
2016,Georgia,0.0,0.0,0.0,0.0
2016,Gambia,0.0,0.0,0.0,0.0
2016,State of Palestine,0.0,0.0,0.0,0.0
2016,Germany,0.05,0.09,0.03,0.07
2016,Ghana,0.0,0.0,0.0,0.0
2016,Gibraltar,0.0,0.0,0.0,0.0
2016,Kiribati,438.24,46.9,0.0,0.0
2016,Greece,0.0,0.01,0.01,0.18
2016,Greenland,0.0,0.0,0.0,0.0
2016,Grenada,0.0,0.0,0.0,0.0
2016,Guam,0.28,1.2,0.07,0.56
2016,Guatemala,0.0,0.0,0.0,0.0
2016,Guinea,0.0,0.0,0.0,0.0
2016,Guyana,0.0,0.0,0.0,0.0
2016,Haiti,0.0,0.0,0.0,0.0
2016,Honduras,0.0,0.0,0.0,0.0
2016,"China, Hong Kong SAR",0.07,0.11,0.02,0.04
2016,Hungary,0.0,0.0,0.01,0.01
2016,Iceland,15.27,16.5,57.04,82.88
2016,Indonesia,47.73,13.28,27.49,12.2
2016,Iran,0.0,0.0,0.02,0.01
2016,Iraq,0.0,0.0,0.0,0.0
2016,Ireland,0.97,0.41,12.6,6.24
2016,Israel,0.52,1.82,0.03,2.12
2016,Italy,0.0,0.04,0.02,0.04
2016,Côte d'Ivoire,0.0,0.0,0.0,0.0
2016,Jamaica,0.01,0.05,0.04,0.18
2016,Japan,0.16,0.72,0.01,0.22
2016,Kazakhstan,0.0,0.0,0.0,0.0
2016,Jordan,0.0,0.0,0.01,0.19
2016,Kenya,0.0,0.02,0.0,0.0
2016,Dem. People's Rep. of Korea,0.35,2.28,4.36,8.36
2016,Rep. of Korea,5.06,9.09,0.03,0.45
2016,Kuwait,0.0,0.0,0.0,0.0
2016,Kyrgyzstan,0.0,0.0,0.0,0.0
2016,Lao People's Dem. Rep.,0.0,0.02,0.0,0.0
2016,Lebanon,0.01,0.11,0.0,0.05
2016,Lesotho,0.0,0.0,0.0,0.0
2016,Latvia,0.41,0.74,0.0,0.01
2016,Liberia,0.0,0.0,0.0,0.0
2016,Libya,0.0,0.0,0.0,0.0
2016,Lithuania,0.21,0.24,0.2,0.24
2016,Luxembourg,0.0,0.02,0.0,0.0
2016,"China, Macao SAR",0.0,0.01,0.0,0.0
2016,Madagascar,20.57,1.54,26.6,24.57
2016,Malawi,0.0,0.0,0.0,0.0
2016,Malaysia,0.24,0.17,0.01,0.06
2016,Maldives,0.0,0.0,0.0,0.0
2016,Mali,0.0,0.0,0.0,0.0
2016,Malta,0.0,0.0,0.0,0.01
2016,Mauritania,0.0,0.0,0.0,0.0
2016,Mauritius,0.0,0.01,0.0,0.01
2016,Mexico,0.01,0.02,0.05,0.07
2016,"Other Asia, nes",0.11,0.19,0.06,0.23
2016,Mongolia,0.23,0.5,0.0,0.0
2016,Rep. of Moldova,0.0,0.0,0.0,0.0
2016,Montenegro,0.0,0.0,0.0,0.0
2016,Montserrat,0.0,0.0,0.0,0.0
2016,Morocco,1.3,1.8,5.15,18.77
2016,Mozambique,0.0,0.0,0.0,0.0
2016,Oman,0.0,0.0,0.0,0.0
2016,Namibia,0.0,0.0,0.0,0.0
2016,Nauru,0.0,0.0,0.0,0.0
2016,Nepal,0.0,0.0,0.0,0.0
2016,Netherlands,0.07,0.31,0.03,0.14
2016,Curaçao,0.0,0.0,0.0,0.0
2016,Aruba,0.0,0.0,0.0,0.0
2016,Saint Maarten,0.0,0.0,0.0,0.0
2016,Bonaire,0.0,0.0,0.0,0.0
2016,New Caledonia,0.0,0.0,0.0,0.02
2016,Vanuatu,0.0,0.0,0.0,0.0
2016,New Zealand,0.15,0.48,0.0,0.0
2016,Nicaragua,0.0,0.0,0.0,0.0
2016,Niger,0.0,0.0,10.02,1.89
2016,Nigeria,0.0,0.0,0.0,0.0
2016,Niue,0.0,0.0,0.0,0.0
2016,Norfolk Isds,0.0,0.0,0.0,0.0
2016,Norway,0.27,0.17,2.52,3.53
2016,N. Mariana Isds,0.0,0.0,0.0,0.0
2016,FS Micronesia,0.0,0.0,0.0,0.0
2016,Marshall Isds,0.0,0.0,0.0,0.0
2016,Palau,0.0,0.0,0.0,0.0
2016,Pakistan,0.0,0.0,0.0,0.0
2016,Panama,0.0,0.0,0.2,0.27
2016,Papua New Guinea,0.05,0.17,0.0,0.0
2016,Paraguay,0.0,0.0,0.0,0.0
2016,Peru,0.09,0.08,34.44,22.67
2016,Philippines,1.61,3.97,4.61,9.62
2016,Pitcairn,0.0,0.0,0.0,0.0
2016,Poland,0.07,0.07,0.01,0.0
2016,Portugal,0.06,0.41,1.77,3.24
2016,Guinea-Bissau,0.0,0.0,0.0,0.0
2016,Timor-Leste,0.0,0.0,0.0,0.0
2016,Qatar,0.0,0.0,0.0,0.0
2016,Romania,0.01,0.02,0.0,0.01
2016,Russian Federation,0.04,0.13,0.21,0.01
2016,Rwanda,0.0,0.0,0.0,0.0
2016,Saint Barthélemy,0.0,0.0,0.0,0.0
2016,Saint Helena,0.0,0.0,0.0,0.0
2016,Saint Kitts and Nevis,0.0,0.0,0.0,0.0
2016,Anguilla,0.0,0.0,0.0,0.0
2016,Saint Lucia,0.02,0.06,7.06,1.74
2016,Saint Pierre and Miquelon,0.0,0.0,0.0,0.0
2016,Saint Vincent and the Grenadines,0.0,0.0,0.0,0.0
2016,San Marino,0.0,0.0,0.0,0.0
2016,Sao Tome and Principe,0.0,0.0,0.0,0.0
2016,Saudi Arabia,0.0,0.0,0.0,0.0
2016,Senegal,0.0,0.0,0.66,1.38
2016,Serbia,0.0,0.0,0.0,0.01
2016,Seychelles,0.0,0.0,0.0,0.0
2016,Sierra Leone,0.0,0.0,0.0,0.0
2016,India,0.02,0.13,0.03,0.51
2016,Singapore,0.04,0.11,0.0,0.03
2016,Slovakia,0.01,0.02,0.23,0.02
2016,Viet Nam,0.06,0.1,0.17,0.23
2016,Slovenia,0.01,0.07,0.0,0.07
2016,Somalia,0.0,0.0,0.0,0.0
2016,South Africa,1.08,0.41,0.39,0.89
2016,Zimbabwe,0.0,0.0,0.0,0.0
2016,Spain,0.31,0.61,0.2,0.45
2016,South Sudan,0.0,0.0,0.0,0.0
2016,Sudan,0.0,0.0,0.0,0.0
2016,Suriname,0.0,0.0,0.0,0.0
2016,Eswatini,0.0,0.0,0.0,0.0
2016,Sweden,0.04,0.16,0.0,0.06
2016,Switzerland,0.01,0.02,0.0,0.03
2016,Syria,0.0,0.0,0.0,0.02
2016,Tajikistan,0.0,0.0,0.0,0.0
2016,Thailand,0.15,0.33,0.04,0.17
2016,Togo,0.0,0.0,0.0,0.0
2016,Tokelau,0.0,0.0,0.0,0.0
2016,Tonga,102.67,44.35,0.0,0.0
2016,Trinidad and Tobago,0.02,0.03,0.01,0.01
2016,United Arab Emirates,0.01,0.03,0.0,0.0
2016,Tunisia,0.0,0.05,0.25,0.97
2016,Türkiye,0.0,0.0,0.0,0.0
2016,Turkmenistan,0.0,0.0,0.0,0.0
2016,Turks and Caicos Isds,0.0,0.0,0.0,0.0
2016,Tuvalu,0.0,0.0,0.0,0.0
2016,Uganda,0.0,0.0,0.0,0.0
2016,Ukraine,0.0,0.0,0.02,0.06
2016,North Macedonia,0.0,0.0,0.0,0.0
2016,Egypt,0.03,0.08,0.0,0.0
2016,United Kingdom,0.38,0.53,0.11,0.38
2016,United Rep. of Tanzania,1.05,0.24,98.34,53.68
2016,USA,0.06,0.21,0.01,0.11
2016,Burkina Faso,0.02,0.24,0.0,0.01
2016,Uruguay,0.0,0.0,0.0,0.0
2016,Uzbekistan,0.0,0.0,0.0,0.0
2016,Venezuela,0.0,0.0,0.0,0.0
2016,Wallis and Futuna Isds,0.0,0.0,0.0,0.0
2016,Samoa,0.0,0.0,0.0,0.0
2016,Yemen,0.0,0.0,0.0,0.0
2016,Zambia,0.0,0.0,0.0,0.0
2015,Afghanistan,0.0,0.0,0.0,0.0
2015,Albania,0.0,0.0,0.0,0.0
2015,Algeria,0.0,0.0,0.0,0.0
2015,American Samoa,0.0,0.0,0.0,0.0
2015,Andorra,0.0,0.0,0.0,0.0
2015,Angola,0.0,0.0,0.01,0.02
2015,Antigua and Barbuda,0.0,0.0,0.0,0.0
2015,Azerbaijan,0.0,0.0,0.0,0.0
2015,Argentina,0.05,0.09,0.12,0.85
2015,Australia,0.18,0.19,0.19,0.33
2015,Austria,0.07,0.1,0.04,0.07
2015,Bahamas,0.0,0.0,0.0,0.0
2015,Bahrain,0.0,0.0,0.0,0.0
2015,Bangladesh,0.0,0.0,0.0,0.0
2015,Armenia,0.0,0.0,0.0,0.0
2015,Barbados,0.0,0.0,0.0,0.0
2015,Belgium,0.01,0.07,0.03,0.05
2015,Bermuda,0.0,0.0,0.0,0.0
2015,Bhutan,0.0,0.0,0.0,0.0
2015,Bolivia (Plurinational State of),0.0,0.0,0.0,0.0
2015,Bosnia Herzegovina,0.0,0.0,0.0,0.0
2015,Botswana,0.0,0.0,0.0,0.0
2015,Brazil,0.04,0.04,0.05,0.13
2015,Belize,0.0,0.0,0.0,0.0
2015,Br. Indian Ocean Terr.,0.0,0.0,0.0,0.0
2015,Solomon Isds,9.86,2.63,38.34,38.81
2015,Br. Virgin Isds,0.0,0.0,0.0,0.0
2015,Brunei Darussalam,0.01,0.03,0.0,0.0
2015,Bulgaria,0.01,0.09,0.0,0.0
2015,Myanmar,0.01,0.0,0.02,0.07
2015,Burundi,0.32,0.09,0.0,0.0
2015,Belarus,0.03,0.06,0.02,0.03
2015,Cambodia,0.0,0.0,0.0,0.0
2015,Cameroon,0.0,0.01,0.0,0.02
2015,Canada,0.32,0.46,1.2,2.47
2015,Cabo Verde,0.0,0.0,0.0,0.0
2015,Cayman Isds,0.0,0.0,0.0,0.0
2015,Central African Rep.,0.0,0.0,0.0,0.0
2015,Sri Lanka,0.52,0.2,0.12,0.04
2015,Chad,0.0,0.0,0.0,0.0
2015,Chile,7.78,7.97,70.93,81.32
2015,China,0.77,2.11,0.08,0.23
2015,Christmas Isds,0.0,0.0,0.0,0.0
2015,Cocos Isds,0.0,0.0,0.0,0.0
2015,Colombia,0.0,0.01,0.0,0.02
2015,Comoros,0.0,0.0,0.0,0.0
2015,Congo,0.0,0.0,0.0,0.0
2015,Dem. Rep. of the Congo,0.0,0.0,0.0,0.0
2015,Cook Isds,0.0,0.0,0.0,0.0
2015,Costa Rica,0.0,0.04,0.0,0.0
2015,Croatia,0.0,0.02,0.0,0.0
2015,Cuba,0.0,0.0,0.02,0.08
2015,Cyprus,0.01,0.01,0.0,0.03
2015,Czechia,0.0,0.02,0.0,0.0
2015,Benin,0.0,0.0,0.0,0.0
2015,Denmark,0.21,0.65,0.12,0.17
2015,Dominica,0.0,0.0,0.0,0.0
2015,Dominican Rep.,0.0,0.0,0.0,0.0
2015,Ecuador,0.05,0.57,0.01,0.22
2015,El Salvador,0.0,0.0,0.0,0.0
2015,Equatorial Guinea,0.0,0.0,0.0,0.0
2015,Ethiopia,0.0,0.0,0.0,0.02
2015,Eritrea,0.0,0.0,0.0,0.0
2015,Estonia,0.12,0.21,0.02,0.53
2015,Falkland Isds (Malvinas),0.0,0.0,0.0,0.0
2015,Fiji,0.0,0.0,3.08,1.97
2015,Finland,0.0,0.0,0.01,0.01
2015,France,0.15,0.26,0.31,0.39
2015,French Polynesia,0.0,0.01,0.01,0.0
2015,Fr. South Antarctic Terr.,0.0,0.0,0.0,0.0
2015,Djibouti,0.0,0.0,0.0,0.0
2015,Gabon,0.0,0.0,0.0,0.0
2015,Georgia,0.0,0.0,0.0,0.0
2015,Gambia,0.0,0.0,0.0,0.0
2015,State of Palestine,0.0,0.0,0.0,0.0
2015,Germany,0.04,0.14,0.01,0.04
2015,Ghana,0.0,0.0,0.0,0.0
2015,Gibraltar,0.0,0.0,0.0,0.0
2015,Kiribati,12.54,6.75,0.0,0.0
2015,Greece,0.0,0.01,0.03,0.39
2015,Greenland,0.0,0.0,0.0,0.0
2015,Grenada,0.0,0.0,0.0,0.0
2015,Guam,0.17,1.66,0.0,0.0
2015,Guatemala,0.01,0.01,0.0,0.0
2015,Guinea,0.0,0.0,0.0,0.0
2015,Guyana,0.0,0.0,0.0,0.0
2015,Haiti,0.0,0.0,0.0,0.0
2015,Honduras,0.0,0.0,0.0,0.0
2015,"China, Hong Kong SAR",0.1,0.15,0.05,0.11
2015,Hungary,0.01,0.01,0.02,0.04
2015,Iceland,7.85,8.95,34.77,49.29
2015,Indonesia,57.84,18.95,18.98,12.16
2015,Iran,0.01,0.01,0.07,0.02
2015,Iraq,0.0,0.0,0.0,0.0
2015,Ireland,1.02,0.46,21.94,9.12
2015,Israel,0.48,1.87,0.01,2.08
2015,Italy,0.0,0.01,0.01,0.02
2015,Côte d'Ivoire,0.0,0.0,0.0,0.0
2015,Jamaica,0.02,0.02,0.01,0.07
2015,Japan,0.14,0.65,0.01,0.17
2015,Kazakhstan,0.0,0.0,0.0,0.0
2015,Jordan,0.08,0.15,0.0,0.01
2015,Kenya,0.0,0.01,0.0,0.0
2015,Dem. People's Rep. of Korea,1.45,1.91,11.88,3.5
2015,Rep. of Korea,2.68,6.67,0.06,0.54
2015,Kuwait,0.0,0.0,0.0,0.0
2015,Kyrgyzstan,0.0,0.0,0.0,0.0
2015,Lao People's Dem. Rep.,0.0,0.01,0.0,0.0
2015,Lebanon,0.02,0.19,0.0,0.0
2015,Lesotho,0.0,0.0,0.02,0.01
2015,Latvia,0.3,0.43,0.0,0.0
2015,Liberia,0.0,0.0,0.0,0.0
2015,Libya,0.0,0.0,0.0,0.0
2015,Lithuania,0.16,0.19,0.14,0.2
2015,Luxembourg,0.0,0.02,0.02,0.0
2015,"China, Macao SAR",0.0,0.0,0.0,0.0
2015,Madagascar,14.06,3.41,16.92,21.48
2015,Malawi,0.0,0.0,0.0,0.0
2015,Malaysia,0.58,0.22,0.03,0.09
2015,Maldives,0.0,0.0,0.0,0.0
2015,Mali,0.0,0.0,0.0,0.0
2015,Malta,0.0,0.0,0.0,0.0
2015,Mauritania,0.0,0.0,0.0,0.0
2015,Mauritius,0.01,0.02,0.0,0.0
2015,Mexico,0.01,0.03,0.07,0.11
2015,"Other Asia, nes",0.06,0.33,0.02,0.2
2015,Mongolia,0.0,0.0,0.0,0.0
2015,Rep. of Moldova,0.0,0.0,0.0,0.0
2015,Montenegro,0.0,0.0,0.0,0.0
2015,Montserrat,0.0,0.0,0.0,0.0
2015,Morocco,0.97,1.2,5.42,12.73
2015,Mozambique,0.0,0.0,0.0,0.0
2015,Oman,0.0,0.0,0.0,0.0
2015,Namibia,0.0,0.0,0.0,0.0
2015,Nauru,0.0,0.0,0.0,0.0
2015,Nepal,0.0,0.0,0.0,0.0
2015,Netherlands,0.07,0.28,0.03,0.12
2015,Curaçao,0.0,0.0,0.0,0.0
2015,Aruba,0.0,0.0,0.0,0.0
2015,Saint Maarten,0.0,0.0,0.0,0.0
2015,Bonaire,0.0,0.0,0.0,0.0
2015,New Caledonia,0.0,0.0,0.0,0.0
2015,Vanuatu,0.0,0.0,0.0,0.0
2015,New Zealand,0.16,0.99,0.02,0.05
2015,Nicaragua,0.0,0.01,0.0,0.0
2015,Niger,0.0,0.0,1.32,0.26
2015,Nigeria,0.0,0.0,0.0,0.0
2015,Niue,0.0,0.0,0.0,0.0
2015,Norfolk Isds,0.0,0.0,0.0,0.0
2015,Norway,0.01,0.06,1.56,2.22
2015,N. Mariana Isds,0.0,0.0,0.0,0.0
2015,FS Micronesia,0.0,0.0,0.0,0.0
2015,Marshall Isds,0.0,0.0,0.0,0.0
2015,Palau,0.0,0.0,0.0,0.0
2015,Pakistan,0.0,0.0,0.01,0.01
2015,Panama,0.15,0.06,0.37,0.42
2015,Papua New Guinea,1.93,0.63,0.0,0.0
2015,Paraguay,0.0,0.0,0.0,0.0
2015,Peru,0.12,0.2,47.72,28.33
2015,Philippines,4.55,3.79,9.69,17.96
2015,Pitcairn,0.0,0.0,0.0,0.0
2015,Poland,0.0,0.01,0.04,0.04
2015,Portugal,0.07,0.43,1.01,1.66
2015,Guinea-Bissau,0.0,0.0,0.0,0.0
2015,Timor-Leste,0.0,0.0,5.71,2.2
2015,Qatar,0.0,0.0,0.0,0.0
2015,Romania,0.01,0.01,0.0,0.01
2015,Russian Federation,0.02,0.08,0.16,0.01
2015,Rwanda,0.0,0.0,0.0,0.0
2015,Saint Barthélemy,0.0,0.0,0.0,0.0
2015,Saint Helena,0.0,0.0,0.0,0.0
2015,Saint Kitts and Nevis,0.0,0.0,0.0,0.0
2015,Anguilla,0.0,0.0,0.0,0.0
2015,Saint Lucia,0.13,0.89,0.11,1.95
2015,Saint Pierre and Miquelon,0.0,0.0,0.0,0.0
2015,Saint Vincent and the Grenadines,0.0,0.0,0.0,0.0
2015,San Marino,0.0,0.0,0.0,0.0
2015,Sao Tome and Principe,0.0,0.0,0.0,0.0
2015,Saudi Arabia,0.0,0.0,0.0,0.0
2015,Senegal,0.12,0.08,0.0,0.16
2015,Serbia,0.01,0.01,0.0,0.0
2015,Seychelles,0.0,0.0,0.0,0.0
2015,Sierra Leone,0.0,0.0,0.0,0.0
2015,India,0.02,0.3,0.07,0.7
2015,Singapore,0.01,0.07,0.0,0.02
2015,Slovakia,0.01,0.01,0.09,0.01
2015,Viet Nam,0.1,0.23,0.42,0.34
2015,Slovenia,0.0,0.06,0.01,0.41
2015,Somalia,0.0,0.0,0.0,0.0
2015,South Africa,0.42,0.23,0.37,0.67
2015,Zimbabwe,0.0,0.0,0.0,0.0
2015,Spain,0.32,1.15,0.27,0.36
2015,South Sudan,0.0,0.0,0.0,0.0
2015,Sudan,0.0,0.0,0.0,0.0
2015,Suriname,0.0,0.0,0.0,0.0
2015,Eswatini,0.0,0.0,0.0,0.0
2015,Sweden,0.02,0.1,0.01,0.02
2015,Switzerland,0.0,0.01,0.0,0.02
2015,Syria,0.0,0.0,0.0,0.0
2015,Tajikistan,0.0,0.0,0.0,0.0
2015,Thailand,0.17,0.44,0.04,0.13
2015,Togo,0.0,0.0,0.01,0.0
2015,Tokelau,0.0,0.0,0.0,0.0
2015,Tonga,413.58,250.47,0.06,0.42
2015,Trinidad and Tobago,0.0,0.01,0.0,0.0
2015,United Arab Emirates,0.08,0.06,0.0,0.0
2015,Tunisia,0.0,0.0,0.05,0.1
2015,Türkiye,0.0,0.0,0.01,0.02
2015,Turkmenistan,0.0,0.0,0.0,0.0
2015,Turks and Caicos Isds,0.0,0.0,0.0,0.0
2015,Tuvalu,0.0,0.0,0.0,0.0
2015,Uganda,0.01,0.02,0.0,0.0
2015,Ukraine,0.0,0.0,0.02,0.05
2015,North Macedonia,0.0,0.0,0.0,0.0
2015,Egypt,0.0,0.0,0.02,0.03
2015,United Kingdom,0.25,0.44,0.16,0.43
2015,United Rep. of Tanzania,9.29,11.18,85.65,48.51
2015,USA,0.05,0.21,0.01,0.14
2015,Burkina Faso,0.01,0.11,0.0,0.0
2015,Uruguay,0.0,0.0,0.0,0.0
2015,Uzbekistan,0.0,0.0,0.0,0.0
2015,Venezuela,0.0,0.0,0.0,0.0
2015,Wallis and Futuna Isds,0.0,0.0,0.0,0.0
2015,Samoa,0.0,0.0,0.0,0.0
2015,Yemen,0.0,0.0,0.0,0.0
2015,Zambia,0.0,0.0,0.0,0.0
2020,Afghanistan,0.0,0.0,0.0,0.0
2020,Albania,0.0,0.0,0.0,0.0
2020,Algeria,0.0,0.0,0.0,0.0
2020,American Samoa,0.0,0.0,0.0,0.0
2020,Andorra,0.0,0.0,0.0,0.0
2020,Angola,0.0,0.0,0.0,0.0
2020,Antigua and Barbuda,0.01,0.01,0.0,0.0
2020,Azerbaijan,0.0,0.0,0.0,0.0
2020,Argentina,0.04,0.06,0.02,0.07
2020,Australia,0.24,0.2,0.15,0.25
2020,Austria,0.02,0.08,0.02,0.05
2020,Bahamas,0.0,0.0,0.0,0.32
2020,Bahrain,0.01,0.0,0.0,0.0
2020,Bangladesh,0.0,0.0,0.0,0.0
2020,Armenia,0.0,0.0,0.0,0.0
2020,Barbados,0.0,0.0,0.0,0.0
2020,Belgium,0.02,0.09,0.12,0.19
2020,Bermuda,0.0,0.0,0.0,0.0
2020,Bhutan,0.0,0.0,0.0,0.0
2020,Bolivia (Plurinational State of),0.0,0.0,0.0,0.0
2020,Bosnia Herzegovina,0.0,0.0,0.0,0.0
2020,Botswana,0.0,0.0,0.0,0.0
2020,Brazil,0.04,0.04,2.61,0.7
2020,Belize,0.02,0.07,0.02,0.13
2020,Br. Indian Ocean Terr.,0.0,0.0,0.0,0.0
2020,Solomon Isds,0.0,0.0,17.41,4.35
2020,Br. Virgin Isds,0.0,0.0,0.0,0.0
2020,Brunei Darussalam,0.16,0.18,0.02,3.41
2020,Bulgaria,0.09,0.15,0.02,0.05
2020,Myanmar,4.29,0.83,0.01,0.04
2020,Burundi,0.0,0.0,0.0,0.0
2020,Belarus,0.23,0.22,0.0,0.02
2020,Cambodia,0.0,0.0,0.0,0.0
2020,Cameroon,0.0,0.0,0.0,0.0
2020,Canada,0.25,0.74,1.46,2.29
2020,Cabo Verde,0.0,0.0,0.0,0.0
2020,Cayman Isds,0.0,0.04,0.03,0.09
2020,Central African Rep.,0.0,0.0,0.0,0.0
2020,Sri Lanka,0.22,0.11,0.57,0.28
2020,Chad,0.0,0.0,0.0,0.0
2020,Chile,3.03,2.65,60.72,66.8
2020,China,0.81,1.5,0.06,0.18
2020,Christmas Isds,0.0,0.0,0.0,0.0
2020,Cocos Isds,0.0,0.0,0.0,0.0
2020,Colombia,0.0,0.0,0.0,0.0
2020,Comoros,0.0,0.0,0.0,0.0
2020,Congo,0.0,0.0,0.0,0.0
2020,Dem. Rep. of the Congo,0.0,0.0,0.0,0.0
2020,Cook Isds,0.0,0.0,0.0,0.0
2020,Costa Rica,0.0,0.0,0.0,0.0
2020,Croatia,0.01,0.06,0.02,0.08
2020,Cuba,0.0,0.0,0.0,0.0
2020,Cyprus,0.01,0.05,0.01,0.5
2020,Czechia,0.02,0.04,0.01,0.07
2020,Benin,0.0,0.0,0.0,0.0
2020,Denmark,0.36,0.96,0.12,0.91
2020,Dominica,0.0,0.0,0.0,0.0
2020,Dominican Rep.,0.0,0.0,0.0,0.0
2020,Ecuador,0.12,1.13,0.0,0.03
2020,El Salvador,0.0,0.0,0.0,0.0
2020,Equatorial Guinea,0.0,0.0,0.0,0.0
2020,Ethiopia,0.0,0.0,0.0,0.02
2020,Eritrea,0.0,0.0,0.0,0.0
2020,Estonia,0.01,0.16,0.01,0.06
2020,Falkland Isds (Malvinas),0.0,0.0,0.0,0.0
2020,Fiji,0.0,0.0,0.0,0.0
2020,Finland,0.0,0.01,0.01,0.02
2020,France,0.13,0.21,1.6,0.88
2020,French Polynesia,0.0,0.0,0.0,0.0
2020,Fr. South Antarctic Terr.,0.0,0.0,0.0,0.0
2020,Djibouti,0.0,0.0,0.0,0.0
2020,Gabon,0.0,0.0,0.0,0.0
2020,Georgia,0.0,0.0,0.0,0.0
2020,Gambia,0.0,0.0,0.0,0.0
2020,State of Palestine,0.0,0.0,0.0,0.0
2020,Germany,0.02,0.1,0.04,0.12
2020,Ghana,0.0,0.0,0.0,0.0
2020,Gibraltar,0.0,0.0,0.0,0.32
2020,Kiribati,0.0,0.0,0.0,0.0
2020,Greece,0.01,0.04,0.07,0.26
2020,Greenland,0.03,0.02,0.0,0.01
2020,Grenada,0.88,49.71,0.22,11.36
2020,Guam,0.0,0.0,0.01,0.05
2020,Guatemala,0.0,0.0,0.0,0.0
2020,Guinea,0.0,0.0,0.0,0.0
2020,Guyana,0.0,0.0,0.0,0.0
2020,Haiti,0.0,0.0,0.0,0.0
2020,Honduras,0.0,0.0,0.01,0.96
2020,"China, Hong Kong SAR",0.02,0.07,0.0,0.01
2020,Hungary,0.0,0.0,0.0,0.05
2020,Iceland,11.4,12.76,51.86,89.7
2020,Indonesia,57.42,20.23,7.52,5.28
2020,Iran,0.05,0.02,0.28,0.31
2020,Iraq,0.0,0.0,0.0,0.0
2020,Ireland,0.48,0.37,19.26,9.56
2020,Israel,0.31,1.77,1.52,1.85
2020,Italy,0.01,0.06,0.12,0.19
2020,Côte d'Ivoire,0.0,0.0,0.0,0.0
2020,Jamaica,0.46,0.91,0.01,0.44
2020,Japan,0.12,0.69,0.02,0.17
2020,Kazakhstan,0.05,0.06,0.0,0.0
2020,Jordan,0.0,0.0,0.0,0.0
2020,Kenya,0.0,0.03,0.0,0.0
2020,Dem. People's Rep. of Korea,0.13,1.4,0.0,0.3
2020,Rep. of Korea,3.46,9.83,0.03,0.39
2020,Kuwait,0.0,0.0,0.0,0.0
2020,Kyrgyzstan,0.0,0.0,0.0,0.0
2020,Lao People's Dem. Rep.,20.68,1.16,0.0,0.0
2020,Lebanon,0.0,0.01,0.0,0.0
2020,Lesotho,0.0,0.0,0.0,0.0
2020,Latvia,0.27,0.37,0.05,0.05
2020,Liberia,0.0,0.0,0.0,0.0
2020,Libya,0.0,0.0,0.0,0.0
2020,Lithuania,0.24,0.21,0.25,0.46
2020,Luxembourg,0.04,1.48,0.0,0.01
2020,"China, Macao SAR",0.0,0.0,0.0,0.0
2020,Madagascar,16.61,4.05,39.68,54.2
2020,Malawi,0.0,0.0,0.0,0.0
2020,Malaysia,0.35,0.26,0.07,0.3
2020,Maldives,0.0,0.0,0.0,0.0
2020,Mali,0.0,0.0,0.0,0.0
2020,Malta,0.02,0.16,0.01,0.02
2020,Mauritania,0.0,0.0,0.0,0.0
2020,Mauritius,0.0,0.0,0.0,0.0
2020,Mexico,0.01,0.01,0.08,0.12
2020,"Other Asia, nes",0.02,0.13,0.01,0.09
2020,Mongolia,0.0,0.0,0.0,0.0
2020,Rep. of Moldova,0.05,0.38,0.0,0.0
2020,Montenegro,0.0,0.0,0.0,0.0
2020,Montserrat,0.0,0.0,0.0,0.0
2020,Morocco,0.79,0.83,3.37,11.74
2020,Mozambique,0.0,0.0,0.0,0.0
2020,Oman,0.0,0.0,0.0,0.0
2020,Namibia,0.0,0.0,0.71,0.54
2020,Nauru,0.0,0.0,0.0,0.0
2020,Nepal,0.0,0.0,0.0,0.0
2020,Netherlands,0.06,0.23,0.06,0.39
2020,Curaçao,0.0,0.0,0.0,0.0
2020,Aruba,0.0,0.0,0.0,0.0
2020,Saint Maarten,0.0,0.0,1.18,3.64
2020,Bonaire,0.0,0.0,0.0,0.0
2020,New Caledonia,0.0,0.0,0.0,0.0
2020,Vanuatu,0.0,0.0,0.0,0.0
2020,New Zealand,0.0,0.1,0.04,0.78
2020,Nicaragua,0.0,0.0,0.0,0.0
2020,Niger,0.0,0.0,0.3,0.05
2020,Nigeria,0.0,0.0,0.0,0.0
2020,Niue,0.0,0.0,0.0,0.0
2020,Norfolk Isds,0.0,0.0,0.0,0.0
2020,Norway,0.43,0.25,6.39,5.59
2020,N. Mariana Isds,0.0,0.0,0.0,0.0
2020,FS Micronesia,0.0,0.0,0.0,0.0
2020,Marshall Isds,0.0,0.0,0.0,0.0
2020,Palau,0.0,0.0,0.0,0.0
2020,Pakistan,0.0,0.0,0.0,0.0
2020,Panama,0.04,0.01,0.15,0.16
2020,Papua New Guinea,0.0,0.0,0.0,0.0
2020,Paraguay,0.0,0.0,0.0,0.0
2020,Peru,0.28,0.11,47.99,29.11
2020,Philippines,5.38,8.37,6.08,12.06
2020,Pitcairn,0.0,0.0,0.0,0.0
2020,Poland,0.04,0.09,0.0,0.02
2020,Portugal,0.19,0.76,0.52,1.59
2020,Guinea-Bissau,0.0,0.0,0.0,0.0
2020,Timor-Leste,57.51,9.61,0.0,0.0
2020,Qatar,0.0,0.0,0.0,0.0
2020,Romania,0.0,0.0,0.03,0.02
2020,Russian Federation,0.05,0.1,0.03,0.02
2020,Rwanda,0.0,0.0,0.0,0.0
2020,Saint Barthélemy,0.0,0.0,0.0,0.0
2020,Saint Helena,0.0,0.0,0.0,0.0
2020,Saint Kitts and Nevis,0.0,0.0,0.0,0.0
2020,Anguilla,0.0,0.0,0.0,0.0
2020,Saint Lucia,86.3,466.51,2.49,9.67
2020,Saint Pierre and Miquelon,0.0,0.0,0.0,0.0
2020,Saint Vincent and the Grenadines,0.49,3.86,0.43,8.39
2020,San Marino,0.0,0.0,0.0,0.0
2020,Sao Tome and Principe,0.0,0.0,0.0,0.0
2020,Saudi Arabia,0.0,0.0,0.0,0.0
2020,Senegal,0.0,0.0,0.0,0.0
2020,Serbia,0.0,0.0,0.0,0.0
2020,Seychelles,0.0,0.0,0.0,0.0
2020,Sierra Leone,0.0,0.0,0.0,0.0
2020,India,0.02,0.22,0.01,0.13
2020,Singapore,0.01,0.14,0.02,0.25
2020,Slovakia,0.01,0.02,0.3,0.03
2020,Viet Nam,0.22,0.19,0.81,0.73
2020,Slovenia,0.0,0.03,0.01,0.12
2020,Somalia,0.0,0.0,0.0,0.0
2020,South Africa,0.15,0.1,1.73,2.11
2020,Zimbabwe,0.0,0.0,0.0,0.0
2020,Spain,0.14,0.57,0.45,0.47
2020,South Sudan,0.0,0.0,0.0,0.0
2020,Sudan,0.0,0.0,0.0,0.0
2020,Suriname,0.0,0.0,0.0,0.0
2020,Eswatini,0.0,0.0,0.0,0.0
2020,Sweden,0.02,0.18,0.02,0.19
2020,Switzerland,0.0,0.0,0.0,0.0
2020,Syria,0.0,0.0,0.03,0.03
2020,Tajikistan,0.0,0.0,0.0,0.0
2020,Thailand,0.05,0.36,0.03,0.17
2020,Togo,0.0,0.0,0.0,0.01
2020,Tokelau,0.0,0.0,0.0,0.0
2020,Tonga,684.0,361.26,0.0,0.0
2020,Trinidad and Tobago,0.11,0.19,0.54,1.0
2020,United Arab Emirates,0.0,0.01,0.09,0.08
2020,Tunisia,0.0,0.01,0.14,0.45
2020,Türkiye,0.0,0.0,0.0,0.0
2020,Turkmenistan,0.0,0.0,0.0,0.0
2020,Turks and Caicos Isds,0.0,0.0,0.0,0.0
2020,Tuvalu,0.0,0.0,0.0,0.0
2020,Uganda,0.0,0.02,0.0,0.0
2020,Ukraine,0.0,0.01,0.05,0.21
2020,North Macedonia,0.0,0.0,0.0,0.0
2020,Egypt,0.0,0.0,0.0,0.0
2020,United Kingdom,0.4,0.42,0.13,0.46
2020,United Rep. of Tanzania,0.6,1.16,46.2,60.37
2020,USA,0.06,0.21,0.02,0.35
2020,Burkina Faso,0.01,0.15,0.0,0.03
2020,Uruguay,0.0,0.01,0.0,0.0
2020,Uzbekistan,0.0,0.0,0.0,0.0
2020,Venezuela,5.29,1.34,1.14,1.82
2020,Wallis and Futuna Isds,0.0,0.0,0.0,0.0
2020,Samoa,0.0,0.0,0.0,0.0
2020,Yemen,0.0,0.0,0.0,0.0
2020,Zambia,0.0,0.0,0.0,0.0
2022,Afghanistan,0.0,0.0,0.0,0.0
2022,Albania,0.0,0.0,0.0,0.0
2022,Algeria,0.0,0.0,0.0,0.0
2022,American Samoa,0.0,0.0,0.0,0.0
2022,Andorra,0.0,0.0,0.0,0.0
2022,Angola,0.0,0.0,0.0,0.0
2022,Antigua and Barbuda,0.0,0.02,0.0,0.0
2022,Azerbaijan,0.0,0.0,0.0,0.0
2022,Argentina,0.08,0.14,0.02,0.06
2022,Australia,0.15,0.13,0.15,0.21
2022,Austria,0.03,0.14,0.01,0.06
2022,Bahamas,0.0,0.0,0.0,0.0
2022,Bahrain,0.01,0.0,0.0,0.0
2022,Bangladesh,0.0,0.0,0.0,0.0
2022,Armenia,0.0,0.0,0.0,0.0
2022,Barbados,0.0,0.0,0.0,0.0
2022,Belgium,0.01,0.04,0.13,0.14
2022,Bermuda,0.0,0.0,0.0,0.0
2022,Bhutan,0.0,0.0,0.0,0.0
2022,Bolivia (Plurinational State of),0.0,0.0,0.0,0.0
2022,Bosnia Herzegovina,0.0,0.0,0.0,0.0
2022,Botswana,0.0,0.0,0.0,0.0
2022,Brazil,0.04,0.04,1.49,0.25
2022,Belize,0.0,0.0,0.0,0.0
2022,Br. Indian Ocean Terr.,0.0,0.0,0.0,0.0
2022,Solomon Isds,106.51,14.03,319.27,139.42
2022,Br. Virgin Isds,0.0,0.0,0.02,0.28
2022,Brunei Darussalam,0.04,0.13,0.02,2.18
2022,Bulgaria,0.05,0.12,0.0,0.01
2022,Myanmar,0.03,0.04,0.57,0.38
2022,Burundi,0.0,0.0,0.0,0.0
2022,Belarus,0.1,0.13,0.0,0.0
2022,Cambodia,0.0,0.0,0.0,0.0
2022,Cameroon,0.0,0.0,0.18,0.02
2022,Canada,0.11,0.38,0.83,1.15
2022,Cabo Verde,0.0,0.0,0.0,0.0
2022,Cayman Isds,0.0,0.0,0.0,0.0
2022,Central African Rep.,0.0,0.0,0.0,0.0
2022,Sri Lanka,0.25,0.14,0.94,0.26
2022,Chad,0.0,0.0,0.0,0.0
2022,Chile,3.12,3.66,56.06,88.7
2022,China,0.58,1.25,0.06,0.12
2022,Christmas Isds,0.0,0.0,0.0,0.0
2022,Cocos Isds,0.0,0.0,0.0,0.0
2022,Colombia,0.0,0.0,0.0,0.0
2022,Comoros,0.0,0.0,0.0,0.0
2022,Congo,0.0,0.0,0.0,0.0
2022,Dem. Rep. of the Congo,0.0,0.0,0.0,0.0
2022,Cook Isds,0.0,0.0,0.0,0.0
2022,Costa Rica,0.0,0.0,0.0,0.0
2022,Croatia,0.0,0.01,0.0,0.02
2022,Cuba,0.0,0.0,0.0,0.0
2022,Cyprus,0.01,0.05,0.11,1.5
2022,Czechia,0.03,0.05,0.01,0.01
2022,Benin,0.0,0.0,0.0,0.0
2022,Denmark,0.6,1.01,0.17,0.54
2022,Dominica,0.2,0.07,30.78,1.1
2022,Dominican Rep.,0.0,0.0,0.38,0.03
2022,Ecuador,0.07,0.57,0.0,0.03
2022,El Salvador,0.0,0.0,0.0,0.0
2022,Equatorial Guinea,0.0,0.0,0.0,0.01
2022,Ethiopia,0.0,0.0,0.01,0.03
2022,Eritrea,0.0,0.0,0.0,0.0
2022,Estonia,0.01,0.1,0.0,0.03
2022,Falkland Isds (Malvinas),0.0,0.0,0.0,0.0
2022,Fiji,0.0,0.0,0.0,0.0
2022,Finland,0.0,0.0,0.02,0.02
2022,France,0.13,0.16,1.06,0.5
2022,French Polynesia,0.5,2.48,0.25,1.53
2022,Fr. South Antarctic Terr.,0.0,0.0,0.0,0.0
2022,Djibouti,0.0,0.0,0.0,0.0
2022,Gabon,0.0,0.0,0.0,0.0
2022,Georgia,0.0,0.0,0.0,0.0
2022,Gambia,0.79,0.05,0.0,0.0
2022,State of Palestine,0.0,0.0,0.0,0.0
2022,Germany,0.02,0.13,0.04,0.08
2022,Ghana,0.0,0.0,0.0,0.0
2022,Gibraltar,0.0,0.0,0.0,0.08
2022,Kiribati,0.0,0.0,0.0,0.0
2022,Greece,0.0,0.01,0.03,0.41
2022,Greenland,0.0,0.0,0.0,0.01
2022,Grenada,4.81,22.73,6.34,21.3
2022,Guam,0.0,0.0,0.0,0.0
2022,Guatemala,0.0,0.0,0.0,0.0
2022,Guinea,0.0,0.0,0.0,0.01
2022,Guyana,0.0,0.0,0.0,0.0
2022,Haiti,0.0,0.0,0.0,0.0
2022,Honduras,0.0,0.0,0.0,0.0
2022,"China, Hong Kong SAR",0.2,0.16,0.15,0.49
2022,Hungary,0.0,0.0,0.0,0.01
2022,Iceland,23.66,18.83,126.05,75.71
2022,Indonesia,49.72,24.18,10.02,5.94
2022,Iran,0.0,0.0,0.02,0.01
2022,Iraq,0.0,0.0,0.0,0.0
2022,Ireland,0.2,0.27,11.16,6.36
2022,Israel,0.19,0.99,0.0,0.18
2022,Italy,0.01,0.03,0.05,0.1
2022,Côte d'Ivoire,0.0,0.0,0.0,0.0
2022,Jamaica,0.1,0.47,0.03,0.1
2022,Japan,0.17,0.74,0.04,0.21
2022,Kazakhstan,0.04,0.13,0.0,0.0
2022,Jordan,0.0,0.0,0.0,0.02
2022,Kenya,0.47,0.08,0.91,0.36
2022,Dem. People's Rep. of Korea,2.02,4.75,0.0,0.0
2022,Rep. of Korea,2.87,8.65,0.03,0.27
2022,Kuwait,0.0,0.0,0.0,0.0
2022,Kyrgyzstan,0.03,0.0,3.23,6.06
2022,Lao People's Dem. Rep.,0.0,0.01,0.0,0.0
2022,Lebanon,0.01,0.03,0.04,0.17
2022,Lesotho,0.0,0.0,0.0,0.0
2022,Latvia,0.19,0.22,0.14,0.26
2022,Liberia,0.0,0.0,0.0,0.0
2022,Libya,0.0,0.0,0.0,0.0
2022,Lithuania,0.24,0.61,0.05,0.04
2022,Luxembourg,0.02,0.1,0.01,0.05
2022,"China, Macao SAR",0.04,0.1,0.0,0.0
2022,Madagascar,9.77,2.11,51.37,46.92
2022,Malawi,0.0,0.0,0.0,0.0
2022,Malaysia,0.08,0.08,0.08,0.16
2022,Maldives,0.0,0.0,0.0,0.0
2022,Mali,0.0,0.0,0.0,0.0
2022,Malta,0.0,0.01,0.0,0.0
2022,Mauritania,0.0,0.0,0.0,0.0
2022,Mauritius,0.0,0.0,0.0,0.0
2022,Mexico,0.0,0.01,0.06,0.1
2022,"Other Asia, nes",0.02,0.12,0.01,0.07
2022,Mongolia,0.0,0.0,0.0,0.0
2022,Rep. of Moldova,0.03,0.24,0.0,0.0
2022,Montenegro,0.0,0.0,0.0,0.0
2022,Montserrat,0.0,0.0,0.0,0.0
2022,Morocco,0.45,0.31,3.43,6.96
2022,Mozambique,0.0,0.0,0.0,0.0
2022,Oman,0.0,0.0,0.0,0.0
2022,Namibia,0.0,0.0,0.0,0.0
2022,Nauru,0.0,0.0,0.0,0.0
2022,Nepal,0.0,0.0,0.0,0.0
2022,Netherlands,0.1,0.31,0.1,0.33
2022,Curaçao,0.01,0.18,0.0,0.0
2022,Aruba,0.0,0.0,0.0,0.0
2022,Saint Maarten,0.0,0.0,0.0,0.0
2022,Bonaire,0.0,0.0,0.0,0.0
2022,New Caledonia,0.0,0.0,0.0,0.0
2022,Vanuatu,0.0,0.0,0.0,0.0
2022,New Zealand,0.06,0.16,0.06,0.08
2022,Nicaragua,0.0,0.0,0.0,0.0
2022,Niger,0.0,0.0,0.89,0.13
2022,Nigeria,0.0,0.0,0.0,0.0
2022,Niue,0.0,0.0,0.0,0.0
2022,Norfolk Isds,0.0,0.0,0.0,0.0
2022,Norway,0.04,0.02,1.73,1.13
2022,N. Mariana Isds,0.0,0.0,0.0,0.0
2022,FS Micronesia,0.0,0.0,0.0,0.0
2022,Marshall Isds,0.0,0.0,0.0,0.0
2022,Palau,0.0,0.0,0.0,0.0
2022,Pakistan,0.0,0.0,0.02,0.04
2022,Panama,0.0,0.0,0.09,0.16
2022,Papua New Guinea,0.0,0.0,0.0,0.0
2022,Paraguay,0.0,0.0,0.0,0.0
2022,Peru,0.17,0.11,66.3,60.65
2022,Philippines,3.69,6.56,12.52,10.18
2022,Pitcairn,0.0,0.0,0.0,0.0
2022,Poland,0.03,0.11,0.08,0.07
2022,Portugal,0.09,0.47,0.35,0.82
2022,Guinea-Bissau,0.0,0.0,0.0,0.0
2022,Timor-Leste,26.29,17.99,41.54,31.59
2022,Qatar,0.0,0.0,0.0,0.0
2022,Romania,0.0,0.01,0.0,0.0
2022,Russian Federation,0.05,0.14,0.03,0.02
2022,Rwanda,0.0,0.0,0.0,0.0
2022,Saint Barthélemy,0.0,0.0,0.0,0.0
2022,Saint Helena,0.0,0.0,0.0,0.0
2022,Saint Kitts and Nevis,0.0,0.0,0.0,0.0
2022,Anguilla,0.0,0.0,0.0,0.0
2022,Saint Lucia,94.01,435.75,28.31,345.49
2022,Saint Pierre and Miquelon,0.0,0.0,0.0,0.06
2022,Saint Vincent and the Grenadines,1.58,5.3,0.37,3.68
2022,San Marino,0.0,0.0,0.0,0.0
2022,Sao Tome and Principe,0.0,0.0,0.0,0.0
2022,Saudi Arabia,0.0,0.01,0.0,0.0
2022,Senegal,0.0,0.0,0.01,0.13
2022,Serbia,0.0,0.02,0.03,0.31
2022,Seychelles,0.0,0.0,0.0,0.0
2022,Sierra Leone,0.0,0.0,0.08,0.45
2022,India,0.02,0.18,0.03,0.08
2022,Singapore,0.01,0.03,0.01,0.04
2022,Slovakia,0.0,0.0,0.17,0.1
2022,Viet Nam,0.08,0.18,2.06,0.65
2022,Slovenia,0.01,0.02,0.02,0.15
2022,Somalia,0.0,0.0,0.0,0.0
2022,South Africa,1.07,0.59,1.05,1.79
2022,Zimbabwe,0.0,0.0,0.0,0.0
2022,Spain,0.15,0.18,0.34,0.28
2022,South Sudan,0.0,0.0,0.0,0.0
2022,Sudan,0.0,0.0,0.0,0.0
2022,Suriname,0.0,0.0,0.0,0.0
2022,Eswatini,0.0,0.0,0.0,0.0
2022,Sweden,0.01,0.09,0.01,0.14
2022,Switzerland,0.0,0.0,0.0,0.0
2022,Syria,0.01,0.03,0.0,2.63
2022,Tajikistan,0.0,0.0,0.02,0.0
2022,Thailand,0.05,0.26,0.01,0.09
2022,Togo,0.0,0.0,0.0,0.0
2022,Tokelau,0.0,0.0,0.0,0.0
2022,Tonga,296.24,144.24,0.0,0.0
2022,Trinidad and Tobago,0.01,0.04,0.07,0.08
2022,United Arab Emirates,0.0,0.01,0.23,0.13
2022,Tunisia,0.0,0.02,0.28,0.25
2022,Türkiye,0.0,0.0,0.0,0.0
2022,Turkmenistan,0.0,0.0,0.0,0.0
2022,Turks and Caicos Isds,0.0,0.0,0.0,0.0
2022,Tuvalu,0.0,0.0,0.0,0.0
2022,Uganda,0.0,0.0,0.0,0.0
2022,Ukraine,0.0,0.01,0.03,0.08
2022,North Macedonia,0.0,0.0,0.0,0.0
2022,Egypt,0.01,0.01,0.01,0.01
2022,United Kingdom,0.21,0.43,0.33,0.7
2022,United Rep. of Tanzania,18.9,7.47,45.69,30.16
2022,USA,0.05,0.16,0.02,0.18
2022,Burkina Faso,0.01,0.11,0.0,0.0
2022,Uruguay,0.0,0.0,0.0,0.0
2022,Uzbekistan,0.01,0.01,0.0,0.01
2022,Venezuela,17.62,8.06,0.92,0.8
2022,Wallis and Futuna Isds,0.0,0.0,0.0,0.0
2022,Samoa,0.0,0.0,0.0,0.0
2022,Yemen,0.0,0.0,0.0,0.0
2022,Zambia,0.0,0.0,0.0,0.0
2018,Afghanistan,0.0,0.0,0.05,0.07
2018,Albania,0.0,0.01,0.0,0.0
2018,Algeria,0.0,0.0,0.0,0.0
2018,American Samoa,0.0,0.0,0.0,0.0
2018,Andorra,0.0,0.0,0.0,0.0
2018,Angola,0.0,0.0,0.0,0.0
2018,Antigua and Barbuda,0.0,0.0,0.0,0.0
2018,Azerbaijan,0.0,0.0,0.0,0.0
2018,Argentina,0.01,0.02,0.19,0.6
2018,Australia,0.24,0.16,0.27,0.4
2018,Austria,0.03,0.09,0.01,0.07
2018,Bahamas,0.0,0.0,0.27,1.08
2018,Bahrain,0.02,0.02,0.0,0.01
2018,Bangladesh,0.0,0.0,0.0,0.0
2018,Armenia,0.0,0.0,0.0,0.0
2018,Barbados,0.0,0.0,0.0,0.0
2018,Belgium,0.03,0.1,0.04,0.07
2018,Bermuda,0.0,0.0,0.0,0.0
2018,Bhutan,0.0,0.0,0.0,0.0
2018,Bolivia (Plurinational State of),0.0,0.0,0.0,0.01
2018,Bosnia Herzegovina,0.0,0.0,0.0,0.0
2018,Botswana,0.0,0.0,0.0,0.0
2018,Brazil,0.02,0.03,0.14,0.08
2018,Belize,0.0,0.0,0.0,0.0
2018,Br. Indian Ocean Terr.,0.0,0.0,0.0,0.0
2018,Solomon Isds,0.86,2.5,14.51,11.3
2018,Br. Virgin Isds,0.0,0.0,0.0,0.0
2018,Brunei Darussalam,0.03,0.42,0.0,0.01
2018,Bulgaria,0.01,0.06,0.0,0.0
2018,Myanmar,0.18,0.07,0.0,0.01
2018,Burundi,0.0,0.0,0.0,0.0
2018,Belarus,0.05,0.05,0.01,0.01
2018,Cambodia,0.0,0.0,0.0,0.0
2018,Cameroon,0.0,0.0,0.01,0.02
2018,Canada,0.09,0.25,1.03,2.26
2018,Cabo Verde,0.0,0.0,0.0,0.0
2018,Cayman Isds,0.0,0.0,0.0,0.0
2018,Central African Rep.,0.0,0.0,0.0,0.0
2018,Sri Lanka,0.04,0.02,0.34,0.36
2018,Chad,0.0,0.0,0.0,0.02
2018,Chile,3.59,3.5,62.63,75.9
2018,China,0.87,1.76,0.1,0.18
2018,Christmas Isds,0.0,0.0,0.0,0.0
2018,Cocos Isds,0.0,0.0,0.0,0.0
2018,Colombia,0.0,0.0,0.0,0.0
2018,Comoros,0.0,0.0,0.0,0.0
2018,Congo,0.0,0.0,0.0,0.0
2018,Dem. Rep. of the Congo,0.0,0.0,0.0,0.0
2018,Cook Isds,0.0,0.0,0.0,0.0
2018,Costa Rica,0.0,0.0,0.0,0.0
2018,Croatia,0.0,0.01,0.0,0.0
2018,Cuba,0.0,0.0,0.0,0.0
2018,Cyprus,0.01,0.01,0.01,0.1
2018,Czechia,0.02,0.04,0.0,0.0
2018,Benin,0.0,0.0,0.0,0.0
2018,Denmark,0.27,0.78,0.13,0.28
2018,Dominica,0.0,0.0,0.0,0.0
2018,Dominican Rep.,0.01,0.01,0.0,0.01
2018,Ecuador,0.12,1.1,0.0,0.0
2018,El Salvador,0.0,0.0,0.0,0.0
2018,Equatorial Guinea,0.0,0.0,0.0,0.0
2018,Ethiopia,0.0,0.0,0.01,0.02
2018,Eritrea,0.0,0.0,0.0,0.0
2018,Estonia,0.01,0.07,0.06,0.11
2018,Falkland Isds (Malvinas),0.0,0.0,0.0,0.0
2018,Fiji,0.0,0.0,0.03,0.41
2018,Finland,0.0,0.01,0.01,0.03
2018,France,0.08,0.18,0.73,0.75
2018,French Polynesia,0.0,0.0,0.0,0.01
2018,Fr. South Antarctic Terr.,0.0,0.0,0.0,0.0
2018,Djibouti,0.0,0.0,0.0,0.0
2018,Gabon,0.0,0.0,0.0,0.0
2018,Georgia,0.0,0.0,0.0,0.0
2018,Gambia,0.0,0.0,0.0,0.0
2018,State of Palestine,0.0,0.0,0.0,0.0
2018,Germany,0.05,0.1,0.01,0.06
2018,Ghana,0.0,0.02,0.0,0.0
2018,Gibraltar,0.0,0.0,0.0,0.0
2018,Kiribati,50.94,17.66,0.0,0.0
2018,Greece,0.01,0.09,0.04,0.18
2018,Greenland,0.0,0.0,0.0,0.0
2018,Grenada,0.23,2.06,0.0,0.0
2018,Guam,0.07,0.47,0.05,0.39
2018,Guatemala,0.0,0.0,0.01,0.01
2018,Guinea,0.0,0.0,0.0,0.0
2018,Guyana,0.0,0.0,0.0,0.0
2018,Haiti,0.0,0.0,0.0,0.0
2018,Honduras,0.0,0.0,0.0,0.68
2018,"China, Hong Kong SAR",0.06,0.12,0.0,0.02
2018,Hungary,0.0,0.0,0.02,0.03
2018,Iceland,14.82,15.78,106.38,94.91
2018,Indonesia,59.34,21.11,10.37,7.89
2018,Iran,0.0,0.0,0.03,0.03
2018,Iraq,0.0,0.0,0.0,0.0
2018,Ireland,0.63,0.46,22.66,9.45
2018,Israel,0.22,0.65,4.7,5.68
2018,Italy,0.01,0.03,0.06,0.15
2018,Côte d'Ivoire,0.0,0.0,0.0,0.0
2018,Jamaica,0.0,0.04,0.0,0.08
2018,Japan,0.12,0.65,0.02,0.2
2018,Kazakhstan,0.1,0.12,0.0,0.0
2018,Jordan,0.0,0.0,0.0,0.0
2018,Kenya,0.0,0.0,0.0,0.0
2018,Dem. People's Rep. of Korea,0.04,0.5,0.03,0.13
2018,Rep. of Korea,3.27,9.63,0.03,0.13
2018,Kuwait,0.0,0.0,0.0,0.0
2018,Kyrgyzstan,0.0,0.0,0.0,0.0
2018,Lao People's Dem. Rep.,0.0,0.04,0.0,0.0
2018,Lebanon,0.01,0.09,0.01,0.3
2018,Lesotho,0.0,0.0,0.0,0.0
2018,Latvia,0.34,0.31,0.13,0.13
2018,Liberia,0.0,0.0,0.0,0.0
2018,Libya,0.0,0.0,0.0,0.0
2018,Lithuania,0.09,0.1,0.5,0.73
2018,Luxembourg,0.0,0.02,0.0,0.0
2018,"China, Macao SAR",0.0,0.0,0.0,0.0
2018,Madagascar,4.36,0.79,23.78,20.35
2018,Malawi,0.0,0.0,0.0,0.0
2018,Malaysia,0.26,0.21,0.02,0.09
2018,Maldives,0.0,0.0,0.0,0.0
2018,Mali,0.0,0.0,0.0,0.0
2018,Malta,0.23,0.96,0.0,0.0
2018,Mauritania,0.0,0.0,0.0,0.0
2018,Mauritius,0.0,0.0,0.0,0.01
2018,Mexico,0.01,0.02,0.07,0.07
2018,"Other Asia, nes",0.03,0.2,0.05,0.19
2018,Mongolia,0.0,0.0,0.0,0.0
2018,Rep. of Moldova,0.02,0.07,0.0,0.0
2018,Montenegro,0.0,0.0,0.0,0.0
2018,Montserrat,0.0,0.0,0.0,0.0
2018,Morocco,1.6,2.8,3.89,13.35
2018,Mozambique,0.0,0.0,0.0,0.0
2018,Oman,0.0,0.0,0.0,0.0
2018,Namibia,0.0,0.0,0.29,0.12
2018,Nauru,0.0,0.0,0.0,0.0
2018,Nepal,0.0,0.0,0.0,0.0
2018,Netherlands,0.07,0.29,0.06,0.32
2018,Netherlands Antilles (...2010),0.0,0.0,0.0,0.0
2018,Curaçao,0.0,0.0,0.0,0.0
2018,Aruba,0.0,0.0,0.0,0.0
2018,Saint Maarten,0.0,0.0,0.0,0.0
2018,Bonaire,0.0,0.0,0.0,0.0
2018,New Caledonia,0.0,0.0,0.0,0.0
2018,Vanuatu,0.0,0.0,0.0,0.0
2018,New Zealand,0.15,0.46,0.96,0.93
2018,Nicaragua,0.0,0.0,0.0,0.0
2018,Niger,0.0,0.0,0.0,0.0
2018,Nigeria,0.0,0.0,0.01,0.01
2018,Niue,0.0,0.0,0.0,0.0
2018,Norfolk Isds,0.0,0.0,0.0,0.0
2018,Norway,0.13,0.18,3.1,3.5
2018,N. Mariana Isds,0.0,0.0,0.0,0.0
2018,FS Micronesia,0.0,0.0,0.0,0.0
2018,Marshall Isds,0.0,0.0,0.0,0.0
2018,Palau,0.0,0.0,0.0,0.0
2018,Pakistan,0.0,0.0,0.0,0.0
2018,Panama,0.03,0.01,0.03,0.09
2018,Papua New Guinea,0.0,0.0,0.0,0.0
2018,Paraguay,0.0,0.0,0.0,0.0
2018,Peru,0.13,0.36,53.29,35.62
2018,Philippines,3.36,4.61,5.71,9.59
2018,Pitcairn,0.0,0.0,0.0,0.0
2018,Poland,0.07,0.09,0.06,0.08
2018,Portugal,0.21,0.66,3.33,7.66
2018,Guinea-Bissau,0.0,0.0,0.0,0.0
2018,Timor-Leste,0.0,0.0,0.0,0.0
2018,Qatar,0.0,0.0,0.0,0.0
2018,Romania,0.0,0.01,0.0,0.0
2018,Russian Federation,0.03,0.07,0.02,0.01
2018,Rwanda,0.0,0.0,0.0,0.0
2018,Saint Barthélemy,0.0,0.0,0.0,0.0
2018,Saint Helena,0.0,0.0,0.0,0.0
2018,Saint Kitts and Nevis,0.0,0.0,0.0,0.0
2018,Anguilla,0.0,0.0,0.0,0.0
2018,Saint Lucia,0.71,3.26,0.15,2.49
2018,Saint Pierre and Miquelon,0.0,0.0,0.0,0.0
2018,Saint Vincent and the Grenadines,0.0,0.0,0.0,0.0
2018,San Marino,0.0,0.0,0.0,0.0
2018,Sao Tome and Principe,0.0,0.0,0.0,0.0
2018,Saudi Arabia,0.0,0.0,0.0,0.0
2018,Senegal,0.0,0.0,0.48,1.07
2018,Serbia,0.0,0.0,0.0,0.0
2018,Seychelles,0.0,0.0,0.0,0.0
2018,Sierra Leone,0.01,0.02,0.0,0.0
2018,India,0.03,0.12,0.04,0.6
2018,Singapore,0.02,0.07,0.01,0.02
2018,Slovakia,0.02,0.04,0.32,0.03
2018,Viet Nam,0.08,0.09,0.28,0.24
2018,Slovenia,0.0,0.02,0.01,0.04
2018,Somalia,0.0,0.0,0.0,0.0
2018,South Africa,0.3,0.18,0.41,1.08
2018,Zimbabwe,0.0,0.0,0.0,0.0
2018,Spain,0.29,0.78,0.52,0.37
2018,South Sudan,0.0,0.0,0.0,0.0
2018,Sudan,0.03,0.09,0.95,0.61
2018,Suriname,0.0,0.0,0.0,0.0
2018,Eswatini,0.0,0.0,0.0,0.0
2018,Sweden,0.04,0.21,0.0,0.16
2018,Switzerland,0.0,0.01,0.0,0.0
2018,Syria,0.0,0.0,0.07,0.1
2018,Tajikistan,0.0,0.0,0.0,0.0
2018,Thailand,0.09,0.45,0.04,0.17
2018,Togo,0.0,0.0,0.01,0.01
2018,Tokelau,0.0,0.0,0.0,0.0
2018,Tonga,429.72,196.94,0.0,0.0
2018,Trinidad and Tobago,0.03,0.01,0.18,0.15
2018,United Arab Emirates,0.04,0.04,0.0,0.0
2018,Tunisia,0.01,0.09,0.7,0.29
2018,Türkiye,0.03,0.01,0.01,0.02
2018,Turkmenistan,0.0,0.0,0.0,0.0
2018,Turks and Caicos Isds,0.0,0.0,0.0,0.0
2018,Tuvalu,0.0,0.0,0.0,0.0
2018,Uganda,0.0,0.0,0.0,0.0
2018,Ukraine,0.0,0.01,0.04,0.12
2018,North Macedonia,0.0,0.0,0.0,0.0
2018,Egypt,0.01,0.02,0.03,0.04
2018,United Kingdom,0.39,0.42,0.12,0.33
2018,United Rep. of Tanzania,8.02,1.7,101.64,54.75
2018,USA,0.05,0.17,0.04,0.25
2018,Burkina Faso,0.05,0.3,0.0,0.0
2018,Uruguay,0.0,0.0,0.0,0.0
2018,Uzbekistan,0.0,0.0,0.0,0.0
2018,Venezuela,0.0,0.0,0.0,0.0
2018,Wallis and Futuna Isds,0.0,0.0,0.0,0.0
2018,Samoa,15.41,9.92,0.0,0.0
2018,Yemen,0.0,0.0,0.0,0.0
2018,Zambia,0.0,0.0,0.0,0.0
2017,Afghanistan,0.0,0.0,3.49,5.89
2017,Albania,0.0,0.0,0.0,0.0
2017,Algeria,0.0,0.0,0.0,0.0
2017,American Samoa,0.0,0.0,0.0,0.0
2017,Andorra,0.0,0.0,0.0,0.0
2017,Angola,0.0,0.0,0.0,0.0
2017,Antigua and Barbuda,0.0,0.0,0.0,0.0
2017,Azerbaijan,0.0,0.0,0.0,0.0
2017,Argentina,0.05,0.09,0.16,0.54
2017,Australia,0.29,0.2,0.22,0.31
2017,Austria,0.04,0.17,0.01,0.03
2017,Bahamas,0.0,0.0,0.36,1.18
2017,Bahrain,0.0,0.0,0.0,0.0
2017,Bangladesh,0.0,0.0,0.0,0.0
2017,Armenia,0.0,0.0,0.0,0.0
2017,Barbados,0.0,0.0,0.0,0.0
2017,Belgium,0.02,0.07,0.03,0.06
2017,Bermuda,0.0,0.0,0.0,0.0
2017,Bhutan,0.0,0.01,0.0,0.0
2017,Bolivia (Plurinational State of),0.0,0.0,0.0,0.01
2017,Bosnia Herzegovina,0.0,0.0,0.0,0.0
2017,Botswana,0.0,0.0,0.0,0.0
2017,Brazil,0.03,0.03,0.09,0.1
2017,Belize,0.0,0.0,0.0,0.0
2017,Br. Indian Ocean Terr.,0.0,0.0,0.0,0.0
2017,Solomon Isds,2.22,7.17,22.88,18.68
2017,Br. Virgin Isds,0.0,0.0,0.0,0.0
2017,Brunei Darussalam,0.03,0.29,0.01,1.85
2017,Bulgaria,0.01,0.04,0.0,0.01
2017,Myanmar,49.42,0.75,0.0,0.01
2017,Burundi,0.0,0.0,0.0,0.0
2017,Belarus,0.05,0.01,0.0,0.01
2017,Cambodia,0.0,0.0,0.0,0.0
2017,Cameroon,0.0,0.0,0.0,0.0
2017,Canada,0.25,0.53,0.82,2.07
2017,Cabo Verde,0.0,0.0,0.0,0.0
2017,Cayman Isds,0.0,0.0,0.0,0.0
2017,Central African Rep.,0.0,0.0,0.0,0.0
2017,Sri Lanka,0.39,0.1,0.28,0.2
2017,Chad,0.0,0.0,0.0,0.0
2017,Chile,6.5,4.58,67.2,90.56
2017,China,0.87,1.71,0.1,0.26
2017,Christmas Isds,0.0,0.0,0.0,0.0
2017,Cocos Isds,0.0,0.0,0.0,0.0
2017,Colombia,0.0,0.0,0.0,0.0
2017,Comoros,0.0,0.0,0.0,0.0
2017,Congo,0.0,0.0,0.0,0.0
2017,Dem. Rep. of the Congo,0.0,0.0,0.0,0.0
2017,Cook Isds,0.0,0.0,0.0,0.0
2017,Costa Rica,0.0,0.01,0.0,0.0
2017,Croatia,0.0,0.01,0.0,0.0
2017,Cuba,0.0,0.0,0.0,0.0
2017,Cyprus,0.02,0.01,0.0,0.0
2017,Czechia,0.05,0.03,0.0,0.02
2017,Benin,0.0,0.0,1.36,0.18
2017,Denmark,0.22,0.59,0.16,0.33
2017,Dominica,0.0,0.0,0.0,0.0
2017,Dominican Rep.,0.0,0.0,0.03,0.02
2017,Ecuador,0.13,1.06,0.0,0.0
2017,El Salvador,0.0,0.0,0.0,0.0
2017,Equatorial Guinea,0.0,0.0,0.0,0.0
2017,Ethiopia,0.0,0.0,0.0,0.0
2017,Eritrea,0.0,0.0,0.0,0.0
2017,Estonia,0.02,0.03,0.0,0.0
2017,Falkland Isds (Malvinas),0.0,0.0,0.0,0.0
2017,Fiji,0.0,0.0,0.71,0.23
2017,Finland,0.0,0.01,0.02,0.02
2017,France,0.18,0.2,0.93,0.63
2017,French Polynesia,0.0,0.0,0.01,0.0
2017,Fr. South Antarctic Terr.,0.0,0.0,0.0,0.0
2017,Djibouti,0.0,0.0,0.0,0.0
2017,Gabon,0.0,0.0,0.0,0.0
2017,Georgia,0.0,0.0,0.0,0.0
2017,Gambia,0.0,0.0,0.0,0.0
2017,State of Palestine,0.0,0.0,0.0,0.0
2017,Germany,0.02,0.14,0.04,0.06
2017,Ghana,0.0,0.03,0.0,0.01
2017,Gibraltar,0.0,0.0,0.0,0.0
2017,Kiribati,32.0,9.07,0.0,0.0
2017,Greece,0.0,0.03,0.01,0.15
2017,Greenland,0.0,0.01,0.0,0.0
2017,Grenada,0.0,0.0,0.0,0.0
2017,Guam,0.07,0.59,0.06,0.87
2017,Guatemala,0.0,0.0,0.0,0.01
2017,Guinea,0.0,0.0,0.0,0.0
2017,Guyana,0.0,0.0,0.0,0.0
2017,Haiti,0.0,0.0,0.0,0.0
2017,Honduras,0.0,0.0,0.0,0.12
2017,"China, Hong Kong SAR",0.14,0.14,0.01,0.02
2017,Hungary,0.0,0.0,0.02,0.03
2017,Iceland,16.55,17.14,560.91,101.31
2017,Indonesia,53.05,15.57,11.39,6.68
2017,Iran,0.0,0.0,0.03,0.01
2017,Iraq,0.0,0.0,0.0,0.0
2017,Ireland,1.16,0.49,14.43,11.37
2017,Israel,0.33,1.49,0.18,0.44
2017,Italy,0.0,0.01,0.04,0.1
2017,Côte d'Ivoire,0.0,0.0,0.0,0.0
2017,Jamaica,0.01,0.06,0.01,0.17
2017,Japan,0.15,0.69,0.02,0.2
2017,Kazakhstan,0.0,0.0,0.0,0.0
2017,Jordan,0.0,0.0,0.0,0.0
2017,Kenya,0.0,0.01,0.0,0.0
2017,Dem. People's Rep. of Korea,0.14,0.34,0.0,0.05
2017,Rep. of Korea,2.28,10.48,0.04,0.7
2017,Kuwait,0.0,0.0,0.0,0.0
2017,Kyrgyzstan,0.0,0.0,0.0,0.0
2017,Lao People's Dem. Rep.,0.0,0.01,0.0,0.0
2017,Lebanon,0.02,0.14,0.0,0.09
2017,Lesotho,0.0,0.0,0.0,0.0
2017,Latvia,0.23,0.23,0.03,0.01
2017,Liberia,0.0,0.0,0.0,0.0
2017,Libya,0.0,0.0,0.0,0.0
2017,Lithuania,0.32,0.36,0.34,0.47
2017,Luxembourg,0.01,0.03,0.0,0.0
2017,"China, Macao SAR",0.0,0.0,0.0,0.0
2017,Madagascar,8.78,0.78,22.23,17.99
2017,Malawi,0.0,0.0,0.0,0.0
2017,Malaysia,0.68,0.24,0.03,0.04
2017,Maldives,0.0,0.0,0.0,0.0
2017,Mali,0.0,0.0,0.0,0.0
2017,Malta,0.04,0.16,0.02,0.03
2017,Mauritania,0.0,0.0,0.0,0.0
2017,Mauritius,0.0,0.0,0.0,0.0
2017,Mexico,0.01,0.02,0.05,0.06
2017,"Other Asia, nes",0.04,0.24,0.02,0.06
2017,Mongolia,0.0,0.0,0.0,0.0
2017,Rep. of Moldova,0.0,0.0,0.0,0.0
2017,Montenegro,0.0,0.0,0.0,0.0
2017,Montserrat,0.0,0.0,0.0,0.0
2017,Morocco,0.66,1.1,3.08,9.65
2017,Mozambique,0.0,0.0,0.0,0.0
2017,Oman,0.0,0.0,0.0,0.0
2017,Namibia,0.0,0.0,0.0,0.0
2017,Nauru,0.0,0.0,0.0,0.0
2017,Nepal,0.0,0.0,0.0,0.0
2017,Netherlands,0.07,0.23,0.04,0.2
2017,Curaçao,0.0,0.0,0.0,0.0
2017,Aruba,0.0,0.0,0.0,0.0
2017,Saint Maarten,0.0,0.0,0.0,0.0
2017,Bonaire,0.0,0.0,0.0,0.0
2017,New Caledonia,0.0,0.0,0.0,0.0
2017,Vanuatu,0.0,0.0,0.0,0.0
2017,New Zealand,0.19,0.38,0.35,0.31
2017,Nicaragua,0.0,0.0,0.0,0.0
2017,Niger,0.0,0.0,0.32,0.08
2017,Nigeria,0.03,0.0,0.0,0.0
2017,Niue,0.0,0.0,0.0,0.0
2017,Norfolk Isds,0.0,0.0,0.0,0.0
2017,Norway,0.05,0.14,2.02,3.04
2017,N. Mariana Isds,0.0,0.0,0.0,0.0
2017,FS Micronesia,0.0,0.0,0.0,0.0
2017,Marshall Isds,0.0,0.0,0.0,0.0
2017,Palau,0.0,0.0,0.0,0.0
2017,Pakistan,0.0,0.0,0.01,0.02
2017,Panama,0.0,0.0,0.05,0.19
2017,Papua New Guinea,1.18,0.18,0.0,0.0
2017,Paraguay,0.0,0.0,0.0,0.0
2017,Peru,0.04,0.07,36.12,33.9
2017,Philippines,3.97,5.03,5.3,8.41
2017,Pitcairn,0.0,0.0,0.0,0.0
2017,Poland,0.05,0.07,0.02,0.03
2017,Portugal,0.1,0.62,1.36,3.49
2017,Guinea-Bissau,0.0,0.0,0.0,0.0
2017,Timor-Leste,99.69,26.59,0.0,0.0
2017,Qatar,0.0,0.0,0.0,0.0
2017,Romania,0.01,0.01,0.0,0.01
2017,Russian Federation,0.02,0.06,0.01,0.01
2017,Rwanda,0.0,0.0,0.0,0.01
2017,Saint Barthélemy,0.0,0.0,0.0,0.0
2017,Saint Helena,0.0,0.0,0.0,0.0
2017,Saint Kitts and Nevis,0.0,0.0,0.0,0.0
2017,Anguilla,0.0,0.0,0.0,0.0
2017,Saint Lucia,0.21,0.79,0.0,0.0
2017,Saint Pierre and Miquelon,0.0,0.0,0.0,0.0
2017,Saint Vincent and the Grenadines,0.0,0.0,0.0,0.0
2017,San Marino,0.0,0.0,0.24,0.68
2017,Sao Tome and Principe,0.0,0.0,0.0,0.0
2017,Saudi Arabia,0.0,0.0,0.0,0.0
2017,Senegal,0.0,0.0,0.47,1.2
2017,Serbia,0.0,0.0,0.0,0.01
2017,Seychelles,0.0,0.0,0.0,0.0
2017,Sierra Leone,0.01,0.07,0.0,0.0
2017,India,0.03,0.12,0.02,0.25
2017,Singapore,0.03,0.13,0.0,0.03
2017,Slovakia,0.01,0.01,0.15,0.01
2017,Viet Nam,0.05,0.08,0.2,0.17
2017,Slovenia,0.0,0.01,0.0,0.04
2017,Somalia,0.0,0.0,0.0,0.0
2017,South Africa,0.56,0.24,0.25,0.5
2017,Zimbabwe,0.0,0.0,0.0,0.0
2017,Spain,0.23,0.75,0.15,0.42
2017,South Sudan,0.0,0.0,0.0,0.0
2017,Sudan,0.0,0.0,0.0,0.0
2017,Suriname,0.0,0.0,0.0,0.0
2017,Eswatini,0.0,0.0,0.0,0.0
2017,Sweden,0.04,0.2,0.03,0.13
2017,Switzerland,0.0,0.0,0.0,0.01
2017,Syria,0.03,0.02,0.0,0.0
2017,Tajikistan,0.0,0.0,0.0,0.0
2017,Thailand,0.09,0.29,0.01,0.21
2017,Togo,0.0,0.02,0.0,0.0
2017,Tokelau,0.0,0.0,0.0,0.03
2017,Tonga,425.85,249.16,0.0,0.0
2017,Trinidad and Tobago,0.01,0.01,0.01,0.04
2017,United Arab Emirates,0.04,0.03,0.0,0.0
2017,Tunisia,0.0,0.06,0.21,0.59
2017,Türkiye,0.0,0.02,0.0,0.0
2017,Turkmenistan,0.0,0.0,0.05,0.08
2017,Turks and Caicos Isds,0.0,0.0,0.0,0.0
2017,Tuvalu,0.0,0.0,0.0,0.0
2017,Uganda,0.0,0.0,0.0,0.0
2017,Ukraine,0.0,0.01,0.02,0.08
2017,North Macedonia,0.0,0.0,0.0,0.0
2017,Egypt,0.02,0.06,0.0,0.0
2017,United Kingdom,0.34,0.43,0.07,0.25
2017,United Rep. of Tanzania,4.2,0.79,83.34,47.83
2017,USA,0.05,0.19,0.02,0.14
2017,Burkina Faso,0.04,0.64,0.0,0.01
2017,Uruguay,0.0,0.0,0.0,0.0
2017,Uzbekistan,0.0,0.0,0.0,0.0
2017,Venezuela,0.0,0.0,0.0,0.0
2017,Wallis and Futuna Isds,0.0,0.0,0.0,0.0
2017,Samoa,1.53,1.37,0.0,0.0
2017,Yemen,0.0,0.0,0.0,0.0
2017,Zambia,0.0,0.0,0.0,0.0
2021,Afghanistan,0.0,0.0,0.0,0.0
2021,Albania,0.0,0.0,0.0,0.0
2021,Algeria,0.0,0.0,0.0,0.0
2021,American Samoa,0.0,0.0,0.0,0.0
2021,Andorra,0.0,0.0,0.0,0.0
2021,Angola,0.0,0.0,0.0,0.0
2021,Antigua and Barbuda,0.0,0.01,0.0,0.0
2021,Azerbaijan,0.0,0.0,0.0,0.0
2021,Argentina,0.04,0.08,0.05,0.1
2021,Australia,0.09,0.12,0.13,0.22
2021,Austria,0.03,0.12,0.0,0.05
2021,Bahamas,0.0,0.0,0.0,0.0
2021,Bahrain,0.01,0.01,0.0,0.0
2021,Bangladesh,0.0,0.0,0.0,0.0
2021,Armenia,0.0,0.0,0.01,0.4
2021,Barbados,0.0,0.0,0.0,0.0
2021,Belgium,0.02,0.08,0.15,0.24
2021,Bermuda,0.0,0.0,0.0,0.0
2021,Bhutan,0.0,0.0,0.0,0.0
2021,Bolivia (Plurinational State of),0.0,0.0,0.0,0.0
2021,Bosnia Herzegovina,0.0,0.0,0.0,0.0
2021,Botswana,0.0,0.0,0.0,0.0
2021,Brazil,0.06,0.07,3.04,0.86
2021,Belize,0.16,0.45,0.01,0.03
2021,Br. Indian Ocean Terr.,0.0,0.0,0.0,0.0
2021,Solomon Isds,2.87,1.06,253.2,55.95
2021,Br. Virgin Isds,0.0,0.0,0.0,0.0
2021,Brunei Darussalam,0.07,0.28,0.03,4.5
2021,Bulgaria,0.05,0.18,0.01,0.1
2021,Myanmar,2.36,0.32,0.44,0.3
2021,Burundi,0.0,0.0,0.0,0.0
2021,Belarus,0.19,0.14,0.02,0.02
2021,Cambodia,0.0,0.0,0.0,0.0
2021,Cameroon,0.0,0.0,0.0,0.0
2021,Canada,0.12,0.4,1.38,2.11
2021,Cabo Verde,0.0,0.0,0.0,0.0
2021,Cayman Isds,0.0,0.0,0.0,0.0
2021,Central African Rep.,0.0,0.0,0.0,0.0
2021,Sri Lanka,0.27,0.1,0.73,0.36
2021,Chad,0.0,0.0,0.0,0.0
2021,Chile,3.4,2.88,55.79,69.32
2021,China,0.74,1.59,0.07,0.19
2021,Christmas Isds,0.0,0.0,0.0,0.0
2021,Cocos Isds,0.0,0.0,0.0,0.0
2021,Colombia,0.0,0.0,0.01,0.0
2021,Comoros,0.0,0.0,0.0,0.0
2021,Congo,0.0,0.0,0.0,0.0
2021,Dem. Rep. of the Congo,0.0,0.0,0.0,0.0
2021,Cook Isds,0.0,0.0,0.0,0.0
2021,Costa Rica,0.0,0.0,0.0,0.0
2021,Croatia,0.0,0.01,0.0,0.0
2021,Cuba,0.0,0.0,0.0,0.0
2021,Cyprus,0.09,0.12,0.06,1.45
2021,Czechia,0.01,0.05,0.01,0.03
2021,Benin,0.05,0.0,0.0,0.0
2021,Denmark,0.51,1.55,0.14,0.75
2021,Dominica,0.0,0.0,0.0,0.0
2021,Dominican Rep.,0.0,0.0,0.0,0.06
2021,Ecuador,0.08,0.66,0.0,0.0
2021,El Salvador,0.0,0.0,0.0,0.0
2021,Equatorial Guinea,0.0,0.0,0.0,0.0
2021,Ethiopia,0.0,0.0,0.01,0.02
2021,Eritrea,0.0,0.0,0.0,0.0
2021,Estonia,0.04,0.19,0.0,0.01
2021,Falkland Isds (Malvinas),0.0,0.0,0.0,0.0
2021,Fiji,0.0,0.0,0.0,0.0
2021,Finland,0.0,0.02,0.0,0.01
2021,France,0.13,0.22,1.53,0.72
2021,French Polynesia,0.0,0.0,0.04,1.76
2021,Fr. South Antarctic Terr.,0.0,0.0,0.0,0.0
2021,Djibouti,0.0,0.0,0.0,0.0
2021,Gabon,0.0,0.0,0.0,0.0
2021,Georgia,0.0,0.01,0.0,0.0
2021,Gambia,0.0,0.0,0.0,0.0
2021,State of Palestine,0.0,0.0,0.0,0.0
2021,Germany,0.02,0.14,0.04,0.1
2021,Ghana,0.0,0.0,0.0,0.0
2021,Gibraltar,0.0,0.0,0.0,0.0
2021,Kiribati,0.0,0.0,0.0,0.0
2021,Greece,0.0,0.01,0.04,0.43
2021,Greenland,0.09,0.07,0.0,0.0
2021,Grenada,2.31,37.46,4.22,28.89
2021,Guam,0.0,0.0,0.0,0.0
2021,Guatemala,0.0,0.0,0.0,0.0
2021,Guinea,0.0,0.0,0.0,0.0
2021,Guyana,0.0,0.0,0.0,0.0
2021,Haiti,0.0,0.0,0.0,0.0
2021,Honduras,0.0,0.0,0.01,0.74
2021,"China, Hong Kong SAR",0.05,0.11,0.02,0.13
2021,Hungary,0.0,0.0,0.01,0.04
2021,Iceland,10.02,12.72,68.64,96.96
2021,Indonesia,55.48,19.48,8.74,4.73
2021,Iran,0.0,0.0,0.13,0.11
2021,Iraq,0.0,0.0,0.0,0.0
2021,Ireland,0.39,0.32,11.27,8.3
2021,Israel,0.17,1.44,0.27,0.98
2021,Italy,0.01,0.06,0.11,0.19
2021,Côte d'Ivoire,0.0,0.0,0.0,0.0
2021,Jamaica,0.26,1.62,0.03,0.48
2021,Japan,0.15,0.74,0.04,0.21
2021,Kazakhstan,0.02,0.06,0.0,0.0
2021,Jordan,0.0,0.0,0.0,0.03
2021,Kenya,0.44,0.05,2.41,0.69
2021,Dem. People's Rep. of Korea,0.89,4.37,0.04,0.08
2021,Rep. of Korea,2.94,9.47,0.03,0.25
2021,Kuwait,0.0,0.0,0.0,0.0
2021,Kyrgyzstan,0.0,0.0,0.0,0.0
2021,Lao People's Dem. Rep.,15.37,0.96,0.0,0.0
2021,Lebanon,0.51,0.16,0.02,0.11
2021,Lesotho,0.0,0.0,0.0,0.0
2021,Latvia,0.32,0.37,0.12,0.18
2021,Liberia,0.0,0.0,0.0,0.0
2021,Libya,0.0,0.0,0.0,0.0
2021,Lithuania,0.17,0.54,0.01,0.03
2021,Luxembourg,0.04,0.22,0.0,0.01
2021,"China, Macao SAR",0.0,0.0,0.0,0.0
2021,Madagascar,16.78,2.82,54.48,56.81
2021,Malawi,0.0,0.0,0.0,0.0
2021,Malaysia,0.23,0.23,0.06,0.23
2021,Maldives,0.0,0.0,0.0,0.0
2021,Mali,0.0,0.0,0.0,0.0
2021,Malta,0.0,0.0,0.0,0.0
2021,Mauritania,0.0,0.0,0.0,0.0
2021,Mauritius,0.0,0.0,0.65,0.95
2021,Mexico,0.0,0.01,0.07,0.16
2021,"Other Asia, nes",0.02,0.09,0.03,0.08
2021,Mongolia,0.0,0.0,0.0,0.0
2021,Rep. of Moldova,0.0,0.0,0.0,0.0
2021,Montenegro,0.0,0.0,0.0,0.0
2021,Montserrat,0.0,0.0,0.0,0.0
2021,Morocco,0.07,0.08,3.31,8.36
2021,Mozambique,0.0,0.0,0.0,0.0
2021,Oman,0.0,0.0,0.0,0.0
2021,Namibia,0.0,0.0,0.0,0.0
2021,Nauru,0.0,0.0,0.0,0.0
2021,Nepal,0.0,0.0,0.0,0.0
2021,Netherlands,0.07,0.31,0.08,0.44
2021,Curaçao,0.0,0.0,0.0,0.0
2021,Aruba,0.0,0.0,0.0,0.0
2021,Saint Maarten,0.0,0.0,0.0,0.0
2021,Bonaire,0.0,0.0,0.01,0.1
2021,New Caledonia,0.0,0.0,0.0,0.0
2021,Vanuatu,0.0,0.0,0.0,0.0
2021,New Zealand,0.04,0.16,0.04,0.96
2021,Nicaragua,0.0,0.0,0.0,0.0
2021,Niger,0.0,0.0,0.2,0.04
2021,Nigeria,0.0,0.0,0.0,0.02
2021,Niue,0.0,0.0,0.0,0.0
2021,Norfolk Isds,0.0,0.0,0.0,0.0
2021,Norway,0.4,0.21,3.46,2.67
2021,N. Mariana Isds,0.0,0.0,0.0,0.0
2021,FS Micronesia,0.0,0.0,0.0,0.0
2021,Marshall Isds,0.0,0.0,0.0,0.0
2021,Palau,0.0,0.0,0.0,0.0
2021,Pakistan,0.0,0.0,0.0,0.0
2021,Panama,0.0,0.0,0.11,0.3
2021,Papua New Guinea,0.0,0.0,0.0,0.0
2021,Paraguay,0.0,0.0,0.0,0.0
2021,Peru,0.05,0.05,59.62,42.54
2021,Philippines,2.49,4.34,5.35,10.1
2021,Pitcairn,0.0,0.0,0.0,0.0
2021,Poland,0.08,0.19,0.0,0.03
2021,Portugal,0.09,0.44,1.03,1.93
2021,Guinea-Bissau,0.0,0.0,0.0,0.0
2021,Timor-Leste,25.22,4.63,10.58,10.04
2021,Qatar,0.0,0.0,0.0,0.0
2021,Romania,0.0,0.02,0.0,0.02
2021,Russian Federation,0.05,0.17,0.05,0.02
2021,Rwanda,0.0,0.0,0.0,0.0
2021,Saint Barthélemy,0.0,0.0,0.0,0.0
2021,Saint Helena,0.0,0.0,0.0,0.0
2021,Saint Kitts and Nevis,0.0,0.0,0.01,0.16
2021,Anguilla,0.0,0.0,0.0,0.0
2021,Saint Lucia,101.85,564.11,57.9,1029.76
2021,Saint Pierre and Miquelon,0.0,0.0,0.0,0.0
2021,Saint Vincent and the Grenadines,0.63,3.07,0.12,0.81
2021,San Marino,0.0,0.0,0.0,0.0
2021,Sao Tome and Principe,0.0,0.0,0.0,0.0
2021,Saudi Arabia,0.0,0.0,0.0,0.01
2021,Senegal,0.0,0.01,0.0,0.01
2021,Serbia,0.0,0.0,0.02,0.01
2021,Seychelles,0.0,0.0,0.0,0.0
2021,Sierra Leone,0.0,0.0,0.0,0.0
2021,India,0.03,0.3,0.02,0.17
2021,Singapore,0.01,0.1,0.01,0.09
2021,Slovakia,0.0,0.01,0.22,0.02
2021,Viet Nam,0.08,0.15,2.94,0.88
2021,Slovenia,0.02,0.08,0.03,0.33
2021,Somalia,0.0,0.0,0.0,0.0
2021,South Africa,0.76,0.29,1.98,2.8
2021,Zimbabwe,0.0,0.0,0.0,0.0
2021,Spain,0.23,0.6,0.55,0.38
2021,South Sudan,0.0,0.0,0.0,0.0
2021,Sudan,0.0,0.0,0.0,0.0
2021,Suriname,0.0,0.0,0.0,0.0
2021,Eswatini,0.0,0.0,0.0,0.0
2021,Sweden,0.02,0.22,0.01,0.14
2021,Switzerland,0.0,0.0,0.0,0.0
2021,Syria,0.0,0.0,0.0,0.0
2021,Tajikistan,0.0,0.0,0.0,0.0
2021,Thailand,0.03,0.22,0.04,0.15
2021,Togo,0.0,0.0,0.0,0.0
2021,Tokelau,0.0,0.0,0.0,0.0
2021,Tonga,629.35,293.14,0.03,0.19
2021,Trinidad and Tobago,0.03,0.08,0.09,0.19
2021,United Arab Emirates,0.01,0.03,0.07,0.06
2021,Tunisia,0.0,0.0,0.28,0.35
2021,Türkiye,0.01,0.02,0.0,0.0
2021,Turkmenistan,0.0,0.0,0.0,0.0
2021,Turks and Caicos Isds,0.06,0.59,0.0,0.0
2021,Tuvalu,0.0,0.0,0.0,0.0
2021,Uganda,0.0,0.0,0.01,0.01
2021,Ukraine,0.0,0.01,0.04,0.19
2021,North Macedonia,0.0,0.0,0.0,0.0
2021,Egypt,0.0,0.0,0.03,0.04
2021,United Kingdom,0.15,0.48,0.24,0.6
2021,United Rep. of Tanzania,4.06,2.26,55.55,35.93
2021,USA,0.08,0.27,0.04,0.34
2021,Burkina Faso,0.01,0.18,0.0,0.0
2021,Uruguay,0.0,0.0,0.0,0.0
2021,Uzbekistan,0.0,0.0,0.0,0.0
2021,Venezuela,9.62,2.59,2.48,2.02
2021,Wallis and Futuna Isds,0.0,0.0,0.0,0.0
2021,Samoa,0.0,0.0,0.0,0.0
2021,Yemen,0.0,0.0,0.0,0.0
2021,Zambia,0.0,0.0,0.0,0.0
2019,Afghanistan,0.0,0.0,0.18,0.49
2019,Albania,0.0,0.0,0.0,0.0
2019,Algeria,0.0,0.0,0.0,0.0
2019,American Samoa,0.0,0.0,0.0,0.0
2019,Andorra,0.19,1.45,0.0,0.0
2019,Angola,0.0,0.0,0.0,0.0
2019,Antigua and Barbuda,0.0,0.0,0.0,0.0
2019,Azerbaijan,0.0,0.0,0.0,0.0
2019,Argentina,0.0,0.0,0.0,0.0
2019,Australia,0.23,0.14,0.28,0.32
2019,Austria,0.03,0.1,0.01,0.12
2019,Bahamas,0.0,0.0,0.36,4.79
2019,Bahrain,0.0,0.01,0.0,0.0
2019,Bangladesh,0.0,0.0,0.0,0.0
2019,Armenia,0.0,0.0,0.0,0.0
2019,Barbados,0.0,0.0,0.06,0.04
2019,Belgium,0.02,0.08,0.07,0.18
2019,Bermuda,0.0,0.0,0.0,0.0
2019,Bhutan,0.0,0.0,0.0,0.0
2019,Bolivia (Plurinational State of),0.0,0.0,0.0,0.0
2019,Bosnia Herzegovina,0.0,0.0,0.0,0.0
2019,Botswana,0.0,0.0,0.0,0.0
2019,Brazil,0.03,0.04,0.33,0.35
2019,Belize,0.0,0.0,0.07,0.08
2019,Br. Indian Ocean Terr.,0.0,0.0,0.0,0.0
2019,Solomon Isds,0.0,0.0,0.0,0.0
2019,Br. Virgin Isds,0.0,0.0,0.0,0.0
2019,Brunei Darussalam,0.03,0.14,0.0,0.0
2019,Bulgaria,0.06,0.1,0.08,0.42
2019,Myanmar,1.89,0.5,0.03,0.11
2019,Burundi,0.0,0.0,0.0,0.0
2019,Belarus,0.03,0.05,0.01,0.02
2019,Cambodia,0.0,0.0,0.0,0.0
2019,Cameroon,0.0,0.0,0.0,0.0
2019,Canada,0.13,0.46,1.22,2.1
2019,Cabo Verde,0.0,0.0,0.0,0.0
2019,Cayman Isds,0.0,0.0,0.0,0.0
2019,Central African Rep.,0.0,0.0,0.0,0.0
2019,Sri Lanka,0.29,0.16,0.14,0.19
2019,Chad,0.0,0.0,0.0,0.0
2019,Chile,2.43,3.01,64.35,68.31
2019,China,0.85,1.57,0.11,0.2
2019,Christmas Isds,0.0,0.0,0.0,0.0
2019,Cocos Isds,0.0,0.0,0.0,0.0
2019,Colombia,0.0,0.0,0.0,0.0
2019,Comoros,0.0,0.0,0.0,0.0
2019,Congo,0.0,0.0,0.0,0.0
2019,Dem. Rep. of the Congo,0.0,0.0,0.0,0.0
2019,Cook Isds,0.0,0.0,0.0,0.0
2019,Costa Rica,0.0,0.0,0.0,0.0
2019,Croatia,0.0,0.01,0.02,0.09
2019,Cuba,0.0,0.0,0.0,0.0
2019,Cyprus,0.02,0.02,0.0,0.0
2019,Czechia,0.02,0.03,0.0,0.01
2019,Benin,0.0,0.0,0.01,0.0
2019,Denmark,0.32,0.89,0.1,0.94
2019,Dominica,2.49,1.32,0.0,0.0
2019,Dominican Rep.,0.0,0.01,0.0,0.0
2019,Ecuador,0.08,0.8,0.0,0.05
2019,El Salvador,0.0,0.0,0.0,0.0
2019,Equatorial Guinea,0.0,0.0,0.0,0.0
2019,Ethiopia,0.0,0.0,0.02,0.04
2019,Eritrea,0.0,0.0,0.0,0.0
2019,Estonia,0.01,0.04,0.05,0.2
2019,Falkland Isds (Malvinas),0.0,0.0,0.0,0.0
2019,Fiji,0.0,0.0,0.0,0.0
2019,Finland,0.0,0.01,0.01,0.04
2019,France,0.06,0.13,1.1,0.75
2019,French Polynesia,0.0,0.0,0.0,0.03
2019,Fr. South Antarctic Terr.,0.0,0.0,0.0,0.0
2019,Djibouti,0.0,0.0,0.0,0.0
2019,Gabon,0.0,0.0,0.0,0.0
2019,Georgia,0.01,0.01,0.0,0.0
2019,Gambia,0.0,0.0,0.0,0.0
2019,State of Palestine,0.0,0.0,0.52,2.37
2019,Germany,0.03,0.11,0.03,0.06
2019,Ghana,0.0,0.0,0.0,0.0
2019,Gibraltar,0.0,0.0,0.0,0.0
2019,Kiribati,0.0,0.0,0.0,0.0
2019,Greece,0.01,0.01,0.02,0.3
2019,Greenland,0.0,0.01,0.0,0.01
2019,Grenada,0.17,6.6,0.12,4.3
2019,Guam,0.0,0.0,0.0,0.0
2019,Guatemala,0.0,0.0,0.0,0.0
2019,Guinea,0.0,0.0,0.0,0.0
2019,Guyana,0.0,0.0,0.0,0.0
2019,Haiti,0.0,0.0,0.0,0.0
2019,Honduras,0.0,0.0,0.0,0.97
2019,"China, Hong Kong SAR",0.04,0.08,0.0,0.01
2019,Hungary,0.0,0.01,0.02,0.07
2019,Iceland,11.07,11.18,37.16,78.35
2019,Indonesia,58.3,22.17,9.3,8.86
2019,Iran,0.0,0.0,0.02,0.02
2019,Iraq,0.0,0.0,0.0,0.0
2019,Ireland,0.28,0.26,21.02,10.13
2019,Israel,0.15,1.17,3.79,3.95
2019,Italy,0.0,0.03,0.04,0.13
2019,Côte d'Ivoire,0.0,0.0,0.0,0.0
2019,Jamaica,0.01,0.13,0.0,0.0
2019,Japan,0.12,0.65,0.02,0.23
2019,Kazakhstan,0.04,0.04,0.0,0.0
2019,Jordan,0.0,0.0,0.01,0.0
2019,Kenya,0.0,0.02,1.16,0.64
2019,Dem. People's Rep. of Korea,0.02,0.08,0.0,0.01
2019,Rep. of Korea,3.62,10.3,0.04,0.46
2019,Kuwait,0.0,0.0,0.0,0.0
2019,Kyrgyzstan,0.0,0.0,0.0,0.0
2019,Lao People's Dem. Rep.,0.0,0.0,0.0,0.0
2019,Lebanon,0.01,0.06,0.0,0.0
2019,Lesotho,0.0,0.0,0.0,0.0
2019,Latvia,0.34,0.44,0.05,0.02
2019,Liberia,0.0,0.0,0.01,0.22
2019,Libya,0.0,0.0,0.0,0.0
2019,Lithuania,0.14,0.14,0.01,0.07
2019,Luxembourg,0.01,0.11,0.0,0.11
2019,"China, Macao SAR",0.0,0.0,0.0,0.0
2019,Madagascar,10.41,2.32,39.51,38.88
2019,Malawi,0.0,0.0,0.0,0.0
2019,Malaysia,0.33,0.28,0.04,0.19
2019,Maldives,0.0,0.0,0.0,0.0
2019,Mali,0.0,0.0,0.0,0.0
2019,Malta,0.63,3.01,0.0,0.0
2019,Mauritania,0.0,0.0,0.0,0.0
2019,Mauritius,0.0,0.0,0.0,0.0
2019,Mexico,0.01,0.02,0.08,0.13
2019,"Other Asia, nes",0.03,0.16,0.04,0.12
2019,Mongolia,0.0,0.0,0.0,0.0
2019,Rep. of Moldova,0.05,0.19,0.0,0.0
2019,Montenegro,0.0,0.0,0.0,0.0
2019,Montserrat,0.0,0.0,0.0,0.0
2019,Morocco,1.83,2.66,5.18,19.21
2019,Mozambique,0.0,0.0,0.0,0.0
2019,Oman,0.0,0.0,0.0,0.0
2019,Namibia,0.0,0.0,0.0,0.0
2019,Nauru,0.0,0.0,0.0,0.0
2019,Nepal,0.0,0.0,0.0,0.0
2019,Netherlands,0.04,0.2,0.06,0.34
2019,Curaçao,0.0,0.0,0.0,0.0
2019,Aruba,0.0,0.0,0.06,0.21
2019,Saint Maarten,0.0,0.0,0.0,0.0
2019,Bonaire,0.0,0.0,0.0,0.0
2019,New Caledonia,0.0,0.0,0.0,0.0
2019,Vanuatu,0.0,0.0,0.0,0.0
2019,New Zealand,0.09,0.3,0.64,1.04
2019,Nicaragua,0.0,0.0,0.0,0.0
2019,Niger,0.0,0.0,0.02,0.01
2019,Nigeria,0.0,0.0,0.0,0.0
2019,Niue,0.0,0.0,0.0,0.0
2019,Norfolk Isds,0.0,0.0,0.0,0.0
2019,Norway,0.1,0.1,4.81,3.91
2019,N. Mariana Isds,0.0,0.0,0.0,0.0
2019,FS Micronesia,0.0,0.0,0.0,0.0
2019,Marshall Isds,0.0,0.0,0.0,0.0
2019,Palau,0.0,0.0,0.0,0.0
2019,Pakistan,0.0,0.0,0.0,0.0
2019,Panama,0.02,0.01,0.0,0.0
2019,Papua New Guinea,0.0,0.0,0.0,0.0
2019,Paraguay,0.0,0.0,0.0,0.0
2019,Peru,0.43,0.18,57.05,28.86
2019,Philippines,10.22,8.51,7.01,12.86
2019,Pitcairn,0.0,0.0,0.0,0.0
2019,Poland,0.05,0.07,0.0,0.02
2019,Portugal,0.1,0.46,1.04,2.35
2019,Guinea-Bissau,0.0,0.0,0.0,0.0
2019,Timor-Leste,55.97,29.55,0.0,0.0
2019,Qatar,0.0,0.0,0.0,0.0
2019,Romania,0.0,0.0,0.02,0.08
2019,Russian Federation,0.02,0.08,0.04,0.02
2019,Rwanda,0.0,0.0,0.0,0.0
2019,Saint Barthélemy,0.0,0.0,0.0,0.0
2019,Saint Helena,0.0,0.0,0.0,0.0
2019,Saint Kitts and Nevis,0.0,0.0,0.0,0.0
2019,Anguilla,0.0,0.0,0.0,0.0
2019,Saint Lucia,51.31,27.71,1.65,31.28
2019,Saint Pierre and Miquelon,0.0,0.0,0.0,0.0
2019,Saint Vincent and the Grenadines,0.09,0.17,0.0,0.0
2019,San Marino,0.0,0.0,0.0,0.0
2019,Sao Tome and Principe,0.0,0.0,0.0,0.0
2019,Saudi Arabia,0.0,0.0,0.0,0.0
2019,Senegal,0.25,0.64,0.28,0.67
2019,Serbia,0.0,0.01,0.0,0.0
2019,Seychelles,0.0,0.0,0.0,0.0
2019,Sierra Leone,0.0,0.0,0.0,0.0
2019,India,0.04,0.28,0.02,0.21
2019,Singapore,0.02,0.18,0.0,0.04
2019,Slovakia,0.04,0.11,0.24,0.09
2019,Viet Nam,0.06,0.16,0.6,0.42
2019,Slovenia,0.0,0.01,0.02,0.2
2019,Somalia,0.0,0.0,0.0,0.0
2019,South Africa,0.29,0.13,0.45,1.01
2019,Zimbabwe,0.0,0.0,0.0,0.0
2019,Spain,0.31,0.66,0.48,0.71
2019,South Sudan,0.0,0.0,0.0,0.0
2019,Sudan,0.0,0.0,0.0,0.0
2019,Suriname,0.0,0.0,0.0,0.0
2019,Eswatini,0.0,0.0,0.0,0.0
2019,Sweden,0.06,0.21,0.02,0.29
2019,Switzerland,0.0,0.0,0.0,0.07
2019,Syria,0.0,0.0,0.0,0.0
2019,Tajikistan,0.0,0.0,0.0,0.0
2019,Thailand,0.07,0.27,0.05,0.14
2019,Togo,0.0,0.0,0.0,0.0
2019,Tokelau,0.0,0.0,0.0,0.0
2019,Tonga,397.24,208.58,0.0,0.0
2019,Trinidad and Tobago,0.02,0.05,0.33,0.63
2019,United Arab Emirates,0.01,0.03,0.1,0.07
2019,Tunisia,0.0,0.05,0.45,0.6
2019,Türkiye,0.0,0.0,0.0,0.01
2019,Turkmenistan,0.0,0.0,0.0,0.0
2019,Turks and Caicos Isds,0.0,0.0,0.0,0.0
2019,Tuvalu,0.0,0.0,0.0,0.0
2019,Uganda,0.0,0.0,0.0,0.0
2019,Ukraine,0.0,0.01,0.05,0.19
2019,North Macedonia,0.0,0.0,0.0,0.0
2019,Egypt,0.0,0.0,0.0,0.0
2019,United Kingdom,0.37,0.39,0.08,0.5
2019,United Rep. of Tanzania,7.35,2.09,112.4,72.53
2019,USA,0.05,0.18,0.03,0.3
2019,Burkina Faso,0.02,0.2,0.0,0.0
2019,Uruguay,0.0,0.0,0.09,0.07
2019,Uzbekistan,0.0,0.0,0.0,0.0
2019,Venezuela,1.09,0.56,0.0,0.0
2019,Wallis and Futuna Isds,0.0,0.0,0.0,0.0
2019,Samoa,0.0,0.0,0.0,0.0
2019,Yemen,0.0,0.0,0.0,0.0
2019,Zambia,0.0,0.0,0.0,0.0
